County,Meridian,Section,Township,Range,Legal Description,Legal Description Short,Surface Acres,Land Class Description,PLSSID,FRSTDIVID,SECDIVID,STATEABBR,PRINMERCD,PRINMER,TWNSHPNO,TWNSHPFRAC,TWNSHPDIR,RANGENO,RANGEFRAC,RANGEDIR,TWNSHPDPCD,STEWARD,TWNSHPLAB,FRSTDIVTYP,FRSTDIVTXT,FRSTDIVNO,FRSTDIVDUP,FRSTDIVLAB,SECDIVTYP,SECDIVTXT,SECDIVNO,SECDIVLAB,QSEC,QQSEC,GOVLOT,RECRDAREATX,RECRDAREANO,GISACRE,REVISEDDATE,GlobalID,OBJECTID,Shape.STArea(),Shape.STLength(),SECDIVNOTE
Marshall,5,33,127N,55W,"Lots 1,2,3,4, NW4NW4, S2NW4, SW4",L1,38.66,"DOC, JUVENILE PROGRAMS",SD051270N0550W0,SD051270N0550W0SN330,SD051270N0550W0SN330L1,SD,05,5th Meridian,127,0,N,055,0,W,0,BLM Cadastral - MT,127N 55W,SN,Section,33,0,33,L,Government Lot,1,L 1,NE,NWNE,L1,15.13 Acres,15.13,14.96473055,1417737600000,{EBFE3EC6-C276-4DB3-A1ED-2C6D1CFDCEF4},1136052,124514.54301723,1591.439264480409,
Marshall,5,33,127N,55W,"Lots 1,2,3,4, NW4NW4, S2NW4, SW4",NWSW,38.66,"DOC, JUVENILE PROGRAMS",SD051270N0550W0,SD051270N0550W0SN330,SD051270N0550W0SN330ANWSW,SD,05,5th Meridian,127,0,N,055,0,W,0,BLM Cadastral - MT,127N 55W,SN,Section,33,0,33,A,Aliquot Part,NWSW,NWSW,SW,NWSW,,40 Acres,40.0,39.91789421,1417737600000,{FA06A6C7-D9E8-4259-90B8-1A49BF973205},1136070,332056.41775997,2304.9944069866683,
Marshall,5,33,127N,55W,"Lots 1,2,3,4, NW4NW4, S2NW4, SW4",SESW,38.66,"DOC, JUVENILE PROGRAMS",SD051270N0550W0,SD051270N0550W0SN330,SD051270N0550W0SN330ASESW,SD,05,5th Meridian,127,0,N,055,0,W,0,BLM Cadastral - MT,127N 55W,SN,Section,33,0,33,A,Aliquot Part,SESW,SESW,SW,SESW,,40 Acres,40.0,40.11812801,1417737600000,{4FB01BDC-2F8F-4823-BDBB-F0C7F482F79F},1136082,333677.8598436,2310.6907125075372,
Marshall,5,33,127N,55W,"Lots 1,2,3,4, NW4NW4, S2NW4, SW4",L2,38.66,"DOC, JUVENILE PROGRAMS",SD051270N0550W0,SD051270N0550W0SN330,SD051270N0550W0SN330L2,SD,05,5th Meridian,127,0,N,055,0,W,0,BLM Cadastral - MT,127N 55W,SN,Section,33,0,33,L,Government Lot,2,L 2,NE,SWNE,L2,23.53 Acres,23.53,23.16573565,1417737600000,{964E5F3A-E79B-495B-8CFB-A578725BF17C},1136062,192727.207345985,1830.9317771607903,
Marshall,5,33,127N,55W,"Lots 1,2,3,4, NW4NW4, S2NW4, SW4",SWSW,38.66,"DOC, JUVENILE PROGRAMS",SD051270N0550W0,SD051270N0550W0SN330,SD051270N0550W0SN330ASWSW,SD,05,5th Meridian,127,0,N,055,0,W,0,BLM Cadastral - MT,127N 55W,SN,Section,33,0,33,A,Aliquot Part,SWSW,SWSW,SW,SWSW,,40 Acres,40.0,39.8579257,1417737600000,{27624624-2958-429D-90DD-D870FC03916E},1136081,331514.88435756,2303.174167932052,
Marshall,5,33,127N,55W,"Lots 1,2,3,4, NW4NW4, S2NW4, SW4",NWNW,38.66,"DOC, JUVENILE PROGRAMS",SD051270N0550W0,SD051270N0550W0SN330,SD051270N0550W0SN330ANWNW,SD,05,5th Meridian,127,0,N,055,0,W,0,BLM Cadastral - MT,127N 55W,SN,Section,33,0,33,A,Aliquot Part,NWNW,NWNW,NW,NWNW,,40 Acres,40.0,39.8475403,1417737600000,{D6DABB36-18D3-48A3-BFE8-2E5FA0AEB5C2},1136050,331556.35353324,2303.25926029202,
Marshall,5,33,127N,55W,"Lots 1,2,3,4, NW4NW4, S2NW4, SW4",SENW,38.66,"DOC, JUVENILE PROGRAMS",SD051270N0550W0,SD051270N0550W0SN330,SD051270N0550W0SN330ASENW,SD,05,5th Meridian,127,0,N,055,0,W,0,BLM Cadastral - MT,127N 55W,SN,Section,33,0,33,A,Aliquot Part,SENW,SENW,NW,SENW,,40 Acres,40.0,39.66942358,1417737600000,{1C5F40CE-F66D-44AB-A77F-D749BF053E1A},1136061,330031.12143351,2297.9432170124674,
Marshall,5,33,127N,55W,"Lots 1,2,3,4, NW4NW4, S2NW4, SW4",L3,38.66,"DOC, JUVENILE PROGRAMS",SD051270N0550W0,SD051270N0550W0SN330,SD051270N0550W0SN330L3,SD,05,5th Meridian,127,0,N,055,0,W,0,BLM Cadastral - MT,127N 55W,SN,Section,33,0,33,L,Government Lot,3,L 3,SE,NWSE,L3,31.93 Acres,31.93,32.20770023,1417737600000,{68FDDB47-B27B-478B-B240-FFB64C57370C},1136072,267917.766488635,2098.503932208601,
Marshall,5,33,127N,55W,"Lots 1,2,3,4, NW4NW4, S2NW4, SW4",L4,38.66,"DOC, JUVENILE PROGRAMS",SD051270N0550W0,SD051270N0550W0SN330,SD051270N0550W0SN330L4,SD,05,5th Meridian,127,0,N,055,0,W,0,BLM Cadastral - MT,127N 55W,SN,Section,33,0,33,L,Government Lot,4,L 4,SE,SESE,L4,40.33 Acres,40.33,1.5756033,1417737600000,{E6CBE87C-717D-412E-9B05-F60DA04BD79C},1136085,13104.294448725,781.9270921333032,
Marshall,5,33,127N,55W,"Lots 1,2,3,4, NW4NW4, S2NW4, SW4",L4,38.66,"DOC, JUVENILE PROGRAMS",SD051270N0550W0,SD051270N0550W0SN330,SD051270N0550W0SN330L4,SD,05,5th Meridian,127,0,N,055,0,W,0,BLM Cadastral - MT,127N 55W,SN,Section,33,0,33,L,Government Lot,4,L 4,SE,SWSE,L4,40.33 Acres,40.33,39.63143934,1417737600000,{204DFFFD-6B82-4A99-BA2D-6166C2CFAF53},1136083,329628.89302668,2272.174572909447,
Marshall,5,33,127N,55W,"Lots 1,2,3,4, NW4NW4, S2NW4, SW4",SWNW,38.66,"DOC, JUVENILE PROGRAMS",SD051270N0550W0,SD051270N0550W0SN330,SD051270N0550W0SN330ASWNW,SD,05,5th Meridian,127,0,N,055,0,W,0,BLM Cadastral - MT,127N 55W,SN,Section,33,0,33,A,Aliquot Part,SWNW,SWNW,NW,SWNW,,40 Acres,40.0,39.78834363,1417737600000,{53E64DDA-1408-409E-9FA6-37EB49827AFD},1136060,331021.3194109,2301.3842841507194,
Marshall,5,33,127N,55W,"Lots 1,2,3,4, NW4NW4, S2NW4, SW4",NESW,38.66,"DOC, JUVENILE PROGRAMS",SD051270N0550W0,SD051270N0550W0SN330,SD051270N0550W0SN330ANESW,SD,05,5th Meridian,127,0,N,055,0,W,0,BLM Cadastral - MT,127N 55W,SN,Section,33,0,33,A,Aliquot Part,NESW,NESW,SW,NESW,,40 Acres,40.0,40.17799771,1417737600000,{D179CE94-74A2-49F2-AF29-58E7AD12C3EB},1136071,334219.145780985,2312.5101158725124,
Marshall,5,33,127N,55W,"Lots 1,2,3,4, NW4NW4, S2NW4, SW4",L4,38.66,"DOC, JUVENILE PROGRAMS",SD051270N0550W0,SD051270N0550W0SN330,SD051270N0550W0SN330L4,SD,05,5th Meridian,127,0,N,055,0,W,0,BLM Cadastral - MT,127N 55W,SN,Section,33,0,33,L,Government Lot,4,L 4,SE,SESE,L4,40.33 Acres,40.33,1.5756033,1417737600000,{E6CBE87C-717D-412E-9B05-F60DA04BD79C},1136085,13104.294448725,781.9270921333032,
Marshall,5,33,127N,55W,"Lots 1,2,3,4, NW4NW4, S2NW4, SW4",L4,38.66,"DOC, JUVENILE PROGRAMS",SD051270N0550W0,SD051270N0550W0SN330,SD051270N0550W0SN330L4,SD,05,5th Meridian,127,0,N,055,0,W,0,BLM Cadastral - MT,127N 55W,SN,Section,33,0,33,L,Government Lot,4,L 4,SE,SWSE,L4,40.33 Acres,40.33,39.63143934,1417737600000,{204DFFFD-6B82-4A99-BA2D-6166C2CFAF53},1136083,329628.89302668,2272.174572909447,
Marshall,5,25,127N,56W,All,NWNE,80.0,"DOC, JUVENILE PROGRAMS",SD051270N0560W0,SD051270N0560W0SN250,SD051270N0560W0SN250ANWNE,SD,05,5th Meridian,127,0,N,056,0,W,0,BLM Cadastral - MT,127N 56W,SN,Section,25,0,25,A,Aliquot Part,NWNE,NWNE,NE,NWNE,,40 Acres,40.0,39.91435912,1417737600000,{DFD915D9-AC20-417C-BB02-F0491D9D7EEA},1136506,332292.92661944,2305.833540833513,
Marshall,5,25,127N,56W,All,SWNE,80.0,"DOC, JUVENILE PROGRAMS",SD051270N0560W0,SD051270N0560W0SN250,SD051270N0560W0SN250ASWNE,SD,05,5th Meridian,127,0,N,056,0,W,0,BLM Cadastral - MT,127N 56W,SN,Section,25,0,25,A,Aliquot Part,SWNE,SWNE,NE,SWNE,,40 Acres,40.0,39.93404451,1417737600000,{7D851FF0-0483-478A-BDA3-8CFCC0F8C54D},1136531,332413.83223429,2306.2523156709894,
Marshall,5,25,127N,56W,All,NWSE,80.0,"DOC, JUVENILE PROGRAMS",SD051270N0560W0,SD051270N0560W0SN250,SD051270N0560W0SN250ANWSE,SD,05,5th Meridian,127,0,N,056,0,W,0,BLM Cadastral - MT,127N 56W,SN,Section,25,0,25,A,Aliquot Part,NWSE,NWSE,SE,NWSE,,40 Acres,40.0,39.95715845,1417737600000,{A790D1B2-C2B8-4CFC-B1F0-D494B10644D1},1136556,332563.191907125,2306.7703704025835,
Marshall,5,25,127N,56W,All,SWSE,80.0,"DOC, JUVENILE PROGRAMS",SD051270N0560W0,SD051270N0560W0SN250,SD051270N0560W0SN250ASWSE,SD,05,5th Meridian,127,0,N,056,0,W,0,BLM Cadastral - MT,127N 56W,SN,Section,25,0,25,A,Aliquot Part,SWSE,SWSE,SE,SWSE,,40 Acres,40.0,39.97691761,1417737600000,{7F83DB62-8E36-4CA2-8A15-EB7FF88235B4},1136581,332684.59622425,2307.191044762606,
Marshall,5,25,127N,56W,All,NWNW,80.0,"DOC, JUVENILE PROGRAMS",SD051270N0560W0,SD051270N0560W0SN250,SD051270N0560W0SN250ANWNW,SD,05,5th Meridian,127,0,N,056,0,W,0,BLM Cadastral - MT,127N 56W,SN,Section,25,0,25,A,Aliquot Part,NWNW,NWNW,NW,NWNW,,40 Acres,40.0,39.88803842,1417737600000,{396EAB09-50BD-4DFD-BD06-6E7208C84462},1136500,332075.653877785,2305.0721431777315,
Marshall,5,25,127N,56W,All,SWNW,80.0,"DOC, JUVENILE PROGRAMS",SD051270N0560W0,SD051270N0560W0SN250,SD051270N0560W0SN250ASWNW,SD,05,5th Meridian,127,0,N,056,0,W,0,BLM Cadastral - MT,127N 56W,SN,Section,25,0,25,A,Aliquot Part,SWNW,SWNW,NW,SWNW,,40 Acres,40.0,39.90776608,1417737600000,{54FB58B2-DD1E-4DC4-9218-6329BEA717CE},1136526,332196.90144959,2305.4918165503814,
Marshall,5,25,127N,56W,All,NWSW,80.0,"DOC, JUVENILE PROGRAMS",SD051270N0560W0,SD051270N0560W0SN250,SD051270N0560W0SN250ANWSW,SD,05,5th Meridian,127,0,N,056,0,W,0,BLM Cadastral - MT,127N 56W,SN,Section,25,0,25,A,Aliquot Part,NWSW,NWSW,SW,NWSW,,40 Acres,40.0,39.92806597,1417737600000,{A10F5ADC-58BF-4B9E-95B3-46AA13EC92AA},1136554,332322.968996145,2305.9286335268444,
Marshall,5,25,127N,56W,All,SWSW,80.0,"DOC, JUVENILE PROGRAMS",SD051270N0560W0,SD051270N0560W0SN250,SD051270N0560W0SN250ASWSW,SD,05,5th Meridian,127,0,N,056,0,W,0,BLM Cadastral - MT,127N 56W,SN,Section,25,0,25,A,Aliquot Part,SWSW,SWSW,SW,SWSW,,40 Acres,40.0,39.94811516,1417737600000,{C441BEF3-206A-4BB7-854A-476D6823F17A},1136579,332446.80351208,2306.3581075040506,
Marshall,5,25,127N,56W,All,NENW,80.0,"DOC, JUVENILE PROGRAMS",SD051270N0560W0,SD051270N0560W0SN250,SD051270N0560W0SN250ANENW,SD,05,5th Meridian,127,0,N,056,0,W,0,BLM Cadastral - MT,127N 56W,SN,Section,25,0,25,A,Aliquot Part,NENW,NENW,NW,NENW,,40 Acres,40.0,39.90063198,1417737600000,{B5A3E9F5-52FC-44D6-8B4F-B182443F11ED},1136503,332179.5818051,2305.436341404697,
Marshall,5,25,127N,56W,All,SENW,80.0,"DOC, JUVENILE PROGRAMS",SD051270N0560W0,SD051270N0560W0SN250,SD051270N0560W0SN250ASENW,SD,05,5th Meridian,127,0,N,056,0,W,0,BLM Cadastral - MT,127N 56W,SN,Section,25,0,25,A,Aliquot Part,SENW,SENW,NW,SENW,,40 Acres,40.0,39.92036549,1417737600000,{28216BBF-8408-4341-A9FA-5FCD5CCFBA77},1136530,332300.85638837,2305.856253221574,
Marshall,5,25,127N,56W,All,NESW,80.0,"DOC, JUVENILE PROGRAMS",SD051270N0560W0,SD051270N0560W0SN250,SD051270N0560W0SN250ANESW,SD,05,5th Meridian,127,0,N,056,0,W,0,BLM Cadastral - MT,127N 56W,SN,Section,25,0,25,A,Aliquot Part,NESW,NESW,SW,NESW,,40 Acres,40.0,39.94317892,1417737600000,{29C5360F-0B3E-4CFF-910D-EAFB4D1E21C3},1136555,332447.77817691,2306.3657717363367,
Marshall,5,25,127N,56W,All,SESW,80.0,"DOC, JUVENILE PROGRAMS",SD051270N0560W0,SD051270N0560W0SN250,SD051270N0560W0SN250ASESW,SD,05,5th Meridian,127,0,N,056,0,W,0,BLM Cadastral - MT,127N 56W,SN,Section,25,0,25,A,Aliquot Part,SESW,SESW,SW,SESW,,40 Acres,40.0,39.96334311,1417737600000,{C3916C4A-9CD7-42C1-A7B0-BEE5F8C40963},1136580,332572.51594379,2306.7982333027276,
Marshall,5,25,127N,56W,All,NENE,80.0,"DOC, JUVENILE PROGRAMS",SD051270N0560W0,SD051270N0560W0SN250,SD051270N0560W0SN250ANENE,SD,05,5th Meridian,127,0,N,056,0,W,0,BLM Cadastral - MT,127N 56W,SN,Section,25,0,25,A,Aliquot Part,NENE,NENE,NE,NENE,,40 Acres,40.0,39.92893479,1417737600000,{EDB2259E-1521-4163-AA83-6BA63011A517},1136507,332413.320938965,2306.255822060561,
Marshall,5,25,127N,56W,All,SENE,80.0,"DOC, JUVENILE PROGRAMS",SD051270N0560W0,SD051270N0560W0SN250,SD051270N0560W0SN250ASENE,SD,05,5th Meridian,127,0,N,056,0,W,0,BLM Cadastral - MT,127N 56W,SN,Section,25,0,25,A,Aliquot Part,SENE,SENE,NE,SENE,,40 Acres,40.0,39.94882091,1417737600000,{F48AEC72-17DD-45EB-9E0A-222C0584225F},1136532,332535.84589428,2306.6804453716077,
Marshall,5,25,127N,56W,All,NESE,80.0,"DOC, JUVENILE PROGRAMS",SD051270N0560W0,SD051270N0560W0SN250,SD051270N0560W0SN250ANESE,SD,05,5th Meridian,127,0,N,056,0,W,0,BLM Cadastral - MT,127N 56W,SN,Section,25,0,25,A,Aliquot Part,NESE,NESE,SE,NESE,,40 Acres,40.0,39.96918498,1417737600000,{743221BA-289D-4D87-B12B-ACCB5523AF56},1136557,332662.27675721,2307.1185882443374,
Marshall,5,25,127N,56W,All,SESE,80.0,"DOC, JUVENILE PROGRAMS",SD051270N0560W0,SD051270N0560W0SN250,SD051270N0560W0SN250ASESE,SD,05,5th Meridian,127,0,N,056,0,W,0,BLM Cadastral - MT,127N 56W,SN,Section,25,0,25,A,Aliquot Part,SESE,SESE,SE,SESE,,40 Acres,40.0,39.98889721,1417737600000,{CD42BD00-93A3-4FA9-8FAE-BAB34F3AF4AD},1136582,332783.323985195,2307.5377996180896,
Marshall,5,20,127N,55W,"Lots 5,6,7,8, S2, T; LOTS 1,2,3,4,RC;",L4,88.27,"DOC, JUVENILE PROGRAMS",SD051270N0550W0,SD051270N0550W0SN200,SD051270N0550W0SN200L4,SD,05,5th Meridian,127,0,N,055,0,W,0,BLM Cadastral - MT,127N 55W,SN,Section,20,0,20,L,Government Lot,4,L 4,NW,NWNW,L4,31.74 Acres,31.74,31.78882614,1417737600000,{79DD1C4C-A7E5-4CEE-ABE5-4181E76C3215},1135969,264782.14058246,2071.327108934603,
Marshall,5,20,127N,55W,"Lots 5,6,7,8, S2, T; LOTS 1,2,3,4,RC;",L5,88.27,"DOC, JUVENILE PROGRAMS",SD051270N0550W0,SD051270N0550W0SN200,SD051270N0550W0SN200L5,SD,05,5th Meridian,127,0,N,055,0,W,0,BLM Cadastral - MT,127N 55W,SN,Section,20,0,20,L,Government Lot,5,L 5,NE,SENE,L5,48.27 Acres,48.27,48.23952941,1417737600000,{92ACCFFC-B4BE-4576-B7D3-2761FB748F17},1136094,401755.243339025,2547.8309991270667,C
Marshall,5,20,127N,55W,"Lots 5,6,7,8, S2, T; LOTS 1,2,3,4,RC;",L5,88.27,"DOC, JUVENILE PROGRAMS",SD051270N0550W0,SD051270N0550W0SN200,SD051270N0550W0SN200L5,SD,05,5th Meridian,127,0,N,055,0,W,0,BLM Cadastral - MT,127N 55W,SN,Section,20,0,20,L,Government Lot,5,L 5,NE,NENE,L5,48.27 Acres,48.27,48.23952941,1417737600000,{5EDC0B2F-6B13-4DAF-82F9-0FE3E9B11687},1135978,401755.243339025,2547.8309991270667,C
Marshall,5,20,127N,55W,"Lots 5,6,7,8, S2, T; LOTS 1,2,3,4,RC;",NWSW,88.27,"DOC, JUVENILE PROGRAMS",SD051270N0550W0,SD051270N0550W0SN200,SD051270N0550W0SN200ANWSW,SD,05,5th Meridian,127,0,N,055,0,W,0,BLM Cadastral - MT,127N 55W,SN,Section,20,0,20,A,Aliquot Part,NWSW,NWSW,SW,NWSW,,40 Acres,40.0,40.04074895,1417737600000,{991CD7ED-946F-47ED-942F-8149A8FA6126},1135984,333426.30931319,2309.7445923997016,
Marshall,5,20,127N,55W,"Lots 5,6,7,8, S2, T; LOTS 1,2,3,4,RC;",SESE,88.27,"DOC, JUVENILE PROGRAMS",SD051270N0550W0,SD051270N0550W0SN200,SD051270N0550W0SN200ASESE,SD,05,5th Meridian,127,0,N,055,0,W,0,BLM Cadastral - MT,127N 55W,SN,Section,20,0,20,A,Aliquot Part,SESE,SESE,SE,SESE,,40 Acres,40.0,40.11065813,1417737600000,{E7339CD0-A0ED-4963-AAE4-5118AFEB8B75},1135997,333962.81006363,2311.6259249458194,
Marshall,5,20,127N,55W,"Lots 5,6,7,8, S2, T; LOTS 1,2,3,4,RC;",L5,88.27,"DOC, JUVENILE PROGRAMS",SD051270N0550W0,SD051270N0550W0SN200,SD051270N0550W0SN200L5,SD,05,5th Meridian,127,0,N,055,0,W,0,BLM Cadastral - MT,127N 55W,SN,Section,20,0,20,L,Government Lot,5,L 5,NE,NENE,L5,48.27 Acres,48.27,48.23952941,1417737600000,{5EDC0B2F-6B13-4DAF-82F9-0FE3E9B11687},1135978,401755.243339025,2547.8309991270667,C
Marshall,5,20,127N,55W,"Lots 5,6,7,8, S2, T; LOTS 1,2,3,4,RC;",L5,88.27,"DOC, JUVENILE PROGRAMS",SD051270N0550W0,SD051270N0550W0SN200,SD051270N0550W0SN200L5,SD,05,5th Meridian,127,0,N,055,0,W,0,BLM Cadastral - MT,127N 55W,SN,Section,20,0,20,L,Government Lot,5,L 5,NE,SENE,L5,48.27 Acres,48.27,48.23952941,1417737600000,{92ACCFFC-B4BE-4576-B7D3-2761FB748F17},1136094,401755.243339025,2547.8309991270667,C
Marshall,5,20,127N,55W,"Lots 5,6,7,8, S2, T; LOTS 1,2,3,4,RC;",L1,88.27,"DOC, JUVENILE PROGRAMS",SD051270N0550W0,SD051270N0550W0SN200,SD051270N0550W0SN200L1,SD,05,5th Meridian,127,0,N,055,0,W,0,BLM Cadastral - MT,127N 55W,SN,Section,20,0,20,L,Government Lot,1,L 1,NE,NENE,L1,31.51 Acres,31.51,31.53686516,1417737600000,{D3A1FADF-9F8E-41F7-B913-098E8C7F378B},1135966,262681.589571115,2039.341894910801,
Marshall,5,20,127N,55W,"Lots 5,6,7,8, S2, T; LOTS 1,2,3,4,RC;",L8,88.27,"DOC, JUVENILE PROGRAMS",SD051270N0550W0,SD051270N0550W0SN200,SD051270N0550W0SN200L8,SD,05,5th Meridian,127,0,N,055,0,W,0,BLM Cadastral - MT,127N 55W,SN,Section,20,0,20,L,Government Lot,8,L 8,NW,SWNW,L8,49.05 Acres,49.05,49.11395476,1417737600000,{CF13DCDB-BAF5-4B9C-AC6F-26F1073E2050},1136091,409040.646389695,2571.978117375575,C
Marshall,5,20,127N,55W,"Lots 5,6,7,8, S2, T; LOTS 1,2,3,4,RC;",L8,88.27,"DOC, JUVENILE PROGRAMS",SD051270N0550W0,SD051270N0550W0SN200,SD051270N0550W0SN200L8,SD,05,5th Meridian,127,0,N,055,0,W,0,BLM Cadastral - MT,127N 55W,SN,Section,20,0,20,L,Government Lot,8,L 8,NW,NWNW,L8,49.05 Acres,49.05,49.11395476,1417737600000,{721ACE5D-E414-40FF-9683-6EA4BE102020},1135975,409040.646389695,2571.978117375575,C
Marshall,5,20,127N,55W,"Lots 5,6,7,8, S2, T; LOTS 1,2,3,4,RC;",NESE,88.27,"DOC, JUVENILE PROGRAMS",SD051270N0550W0,SD051270N0550W0SN200,SD051270N0550W0SN200ANESE,SD,05,5th Meridian,127,0,N,055,0,W,0,BLM Cadastral - MT,127N 55W,SN,Section,20,0,20,A,Aliquot Part,NESE,NESE,SE,NESE,,40 Acres,40.0,40.11071782,1417737600000,{7B563508-DE80-4572-9AA7-2220A90CB1F6},1135980,334006.64720112,2311.7760238717647,
Marshall,5,20,127N,55W,"Lots 5,6,7,8, S2, T; LOTS 1,2,3,4,RC;",SWSW,88.27,"DOC, JUVENILE PROGRAMS",SD051270N0550W0,SD051270N0550W0SN200,SD051270N0550W0SN200ASWSW,SD,05,5th Meridian,127,0,N,055,0,W,0,BLM Cadastral - MT,127N 55W,SN,Section,20,0,20,A,Aliquot Part,SWSW,SWSW,SW,SWSW,,40 Acres,40.0,40.00796826,1417737600000,{0A0DE737-DD49-493C-AA27-A0DEA6542007},1135994,333110.183921305,2308.6567927545943,
Marshall,5,20,127N,55W,"Lots 5,6,7,8, S2, T; LOTS 1,2,3,4,RC;",L8,88.27,"DOC, JUVENILE PROGRAMS",SD051270N0550W0,SD051270N0550W0SN200,SD051270N0550W0SN200L8,SD,05,5th Meridian,127,0,N,055,0,W,0,BLM Cadastral - MT,127N 55W,SN,Section,20,0,20,L,Government Lot,8,L 8,NW,SWNW,L8,49.05 Acres,49.05,49.11395476,1417737600000,{CF13DCDB-BAF5-4B9C-AC6F-26F1073E2050},1136091,409040.646389695,2571.978117375575,C
Marshall,5,20,127N,55W,"Lots 5,6,7,8, S2, T; LOTS 1,2,3,4,RC;",L8,88.27,"DOC, JUVENILE PROGRAMS",SD051270N0550W0,SD051270N0550W0SN200,SD051270N0550W0SN200L8,SD,05,5th Meridian,127,0,N,055,0,W,0,BLM Cadastral - MT,127N 55W,SN,Section,20,0,20,L,Government Lot,8,L 8,NW,NWNW,L8,49.05 Acres,49.05,49.11395476,1417737600000,{721ACE5D-E414-40FF-9683-6EA4BE102020},1135975,409040.646389695,2571.978117375575,C
Marshall,5,20,127N,55W,"Lots 5,6,7,8, S2, T; LOTS 1,2,3,4,RC;",L2,88.27,"DOC, JUVENILE PROGRAMS",SD051270N0550W0,SD051270N0550W0SN200,SD051270N0550W0SN200L2,SD,05,5th Meridian,127,0,N,055,0,W,0,BLM Cadastral - MT,127N 55W,SN,Section,20,0,20,L,Government Lot,2,L 2,NE,NWNE,L2,32.26 Acres,32.26,32.38756011,1417737600000,{59C0BB3F-82A5-4066-9F4A-65980506B939},1135967,269767.500651995,2088.5343905844147,
Marshall,5,20,127N,55W,"Lots 5,6,7,8, S2, T; LOTS 1,2,3,4,RC;",L7,88.27,"DOC, JUVENILE PROGRAMS",SD051270N0550W0,SD051270N0550W0SN200,SD051270N0550W0SN200L7,SD,05,5th Meridian,127,0,N,055,0,W,0,BLM Cadastral - MT,127N 55W,SN,Section,20,0,20,L,Government Lot,7,L 7,NW,NENW,L7,48.79 Acres,48.79,48.80939402,1417737600000,{3457849A-6964-4362-97BF-1AEBFA088EA6},1135976,406503.092983485,2563.759372766922,C
Marshall,5,20,127N,55W,"Lots 5,6,7,8, S2, T; LOTS 1,2,3,4,RC;",L7,88.27,"DOC, JUVENILE PROGRAMS",SD051270N0550W0,SD051270N0550W0SN200,SD051270N0550W0SN200L7,SD,05,5th Meridian,127,0,N,055,0,W,0,BLM Cadastral - MT,127N 55W,SN,Section,20,0,20,L,Government Lot,7,L 7,NW,SENW,L7,48.79 Acres,48.79,48.80939402,1417737600000,{162B95E7-136A-4356-9DAB-AEDECA2C6F00},1136092,406503.092983485,2563.759372766922,C
Marshall,5,20,127N,55W,"Lots 5,6,7,8, S2, T; LOTS 1,2,3,4,RC;",NWSE,88.27,"DOC, JUVENILE PROGRAMS",SD051270N0550W0,SD051270N0550W0SN200,SD051270N0550W0SN200ANWSE,SD,05,5th Meridian,127,0,N,055,0,W,0,BLM Cadastral - MT,127N 55W,SN,Section,20,0,20,A,Aliquot Part,NWSE,NWSE,SE,NWSE,,40 Acres,40.0,40.07204687,1417737600000,{693E8977-A630-4860-880F-B1239D85A680},1135982,333685.367706705,2310.6574656695348,
Marshall,5,20,127N,55W,"Lots 5,6,7,8, S2, T; LOTS 1,2,3,4,RC;",SESW,88.27,"DOC, JUVENILE PROGRAMS",SD051270N0550W0,SD051270N0550W0SN200,SD051270N0550W0SN200ASESW,SD,05,5th Meridian,127,0,N,055,0,W,0,BLM Cadastral - MT,127N 55W,SN,Section,20,0,20,A,Aliquot Part,SESW,SESW,SW,SESW,,40 Acres,40.0,40.04913194,1417737600000,{8299BBC2-73B7-4536-926F-A4DE165F3B02},1135995,333452.111019985,2309.8441032415294,
Marshall,5,20,127N,55W,"Lots 5,6,7,8, S2, T; LOTS 1,2,3,4,RC;",L7,88.27,"DOC, JUVENILE PROGRAMS",SD051270N0550W0,SD051270N0550W0SN200,SD051270N0550W0SN200L7,SD,05,5th Meridian,127,0,N,055,0,W,0,BLM Cadastral - MT,127N 55W,SN,Section,20,0,20,L,Government Lot,7,L 7,NW,NENW,L7,48.79 Acres,48.79,48.80939402,1417737600000,{3457849A-6964-4362-97BF-1AEBFA088EA6},1135976,406503.092983485,2563.759372766922,C
Marshall,5,20,127N,55W,"Lots 5,6,7,8, S2, T; LOTS 1,2,3,4,RC;",L7,88.27,"DOC, JUVENILE PROGRAMS",SD051270N0550W0,SD051270N0550W0SN200,SD051270N0550W0SN200L7,SD,05,5th Meridian,127,0,N,055,0,W,0,BLM Cadastral - MT,127N 55W,SN,Section,20,0,20,L,Government Lot,7,L 7,NW,SENW,L7,48.79 Acres,48.79,48.80939402,1417737600000,{162B95E7-136A-4356-9DAB-AEDECA2C6F00},1136092,406503.092983485,2563.759372766922,C
Marshall,5,20,127N,55W,"Lots 5,6,7,8, S2, T; LOTS 1,2,3,4,RC;",L3,88.27,"DOC, JUVENILE PROGRAMS",SD051270N0550W0,SD051270N0550W0SN200,SD051270N0550W0SN200L3,SD,05,5th Meridian,127,0,N,055,0,W,0,BLM Cadastral - MT,127N 55W,SN,Section,20,0,20,L,Government Lot,3,L 3,NW,NENW,L3,32 Acres,32.0,32.1228282,1417737600000,{011CFDC3-E3F8-4ACC-A27A-0E913AEC6F20},1135968,267563.501534255,2080.9842813951436,
Marshall,5,20,127N,55W,"Lots 5,6,7,8, S2, T; LOTS 1,2,3,4,RC;",L6,88.27,"DOC, JUVENILE PROGRAMS",SD051270N0550W0,SD051270N0550W0SN200,SD051270N0550W0SN200L6,SD,05,5th Meridian,127,0,N,055,0,W,0,BLM Cadastral - MT,127N 55W,SN,Section,20,0,20,L,Government Lot,6,L 6,NE,SWNE,L6,48.53 Acres,48.53,48.43596834,1417737600000,{D0798BA1-E136-434A-887E-561C793125FC},1136093,403391.923199655,2553.717550684801,C
Marshall,5,20,127N,55W,"Lots 5,6,7,8, S2, T; LOTS 1,2,3,4,RC;",L6,88.27,"DOC, JUVENILE PROGRAMS",SD051270N0550W0,SD051270N0550W0SN200,SD051270N0550W0SN200L6,SD,05,5th Meridian,127,0,N,055,0,W,0,BLM Cadastral - MT,127N 55W,SN,Section,20,0,20,L,Government Lot,6,L 6,NE,NWNE,L6,48.53 Acres,48.53,48.43596834,1417737600000,{ADD8761E-BBA6-4470-A067-8DF7B441A9A1},1135977,403391.923199655,2553.717550684801,C
Marshall,5,20,127N,55W,"Lots 5,6,7,8, S2, T; LOTS 1,2,3,4,RC;",NESW,88.27,"DOC, JUVENILE PROGRAMS",SD051270N0550W0,SD051270N0550W0SN200,SD051270N0550W0SN200ANESW,SD,05,5th Meridian,127,0,N,055,0,W,0,BLM Cadastral - MT,127N 55W,SN,Section,20,0,20,A,Aliquot Part,NESW,NESW,SW,NESW,,40 Acres,40.0,40.08204771,1417737600000,{F1D7EAD3-18D0-4F8B-91D8-51B388F38FB9},1135983,333769.4470829,2310.9361709083455,
Marshall,5,20,127N,55W,"Lots 5,6,7,8, S2, T; LOTS 1,2,3,4,RC;",SWSE,88.27,"DOC, JUVENILE PROGRAMS",SD051270N0550W0,SD051270N0550W0SN200,SD051270N0550W0SN200ASWSE,SD,05,5th Meridian,127,0,N,055,0,W,0,BLM Cadastral - MT,127N 55W,SN,Section,20,0,20,A,Aliquot Part,SWSE,SWSE,SE,SWSE,,40 Acres,40.0,40.07212693,1417737600000,{DBB44372-E4F7-41D3-BDFA-9DAF2D3B3BD4},1135996,333642.77952297,2310.5117399390215,
Marshall,5,20,127N,55W,"Lots 5,6,7,8, S2, T; LOTS 1,2,3,4,RC;",L6,88.27,"DOC, JUVENILE PROGRAMS",SD051270N0550W0,SD051270N0550W0SN200,SD051270N0550W0SN200L6,SD,05,5th Meridian,127,0,N,055,0,W,0,BLM Cadastral - MT,127N 55W,SN,Section,20,0,20,L,Government Lot,6,L 6,NE,SWNE,L6,48.53 Acres,48.53,48.43596834,1417737600000,{D0798BA1-E136-434A-887E-561C793125FC},1136093,403391.923199655,2553.717550684801,C
Marshall,5,20,127N,55W,"Lots 5,6,7,8, S2, T; LOTS 1,2,3,4,RC;",L6,88.27,"DOC, JUVENILE PROGRAMS",SD051270N0550W0,SD051270N0550W0SN200,SD051270N0550W0SN200L6,SD,05,5th Meridian,127,0,N,055,0,W,0,BLM Cadastral - MT,127N 55W,SN,Section,20,0,20,L,Government Lot,6,L 6,NE,NWNE,L6,48.53 Acres,48.53,48.43596834,1417737600000,{ADD8761E-BBA6-4470-A067-8DF7B441A9A1},1135977,403391.923199655,2553.717550684801,C
Fall River,7,33,008S,07E,"NW4, SE4",NENW,160.0,"DOC, JUVENILE PROGRAMS",SD070080S0070E0,SD070080S0070E0SN330,SD070080S0070E0SN330ANENW,SD,07,Black Hills Meridian,008,0,S,007,0,E,0,BLM Cadastral - MT,8S 7E,SN,Section,33,0,33,A,Aliquot Part,NENW,NENW,NW,NENW,,40 Acres,40.0,40.10566895,1318550400000,{E1FD14E4-1BDA-4BAA-A611-277792B03584},588282,306049.10666387,2212.8721749501756,
Fall River,7,33,008S,07E,"NW4, SE4",SENW,160.0,"DOC, JUVENILE PROGRAMS",SD070080S0070E0,SD070080S0070E0SN330,SD070080S0070E0SN330ASENW,SD,07,Black Hills Meridian,008,0,S,007,0,E,0,BLM Cadastral - MT,8S 7E,SN,Section,33,0,33,A,Aliquot Part,SENW,SENW,NW,SENW,,40 Acres,40.0,40.10552521,1318550400000,{5B5E1097-EA15-455C-B568-6BEED4BB3641},588307,306011.67655668,2212.736974953471,
Fall River,7,33,008S,07E,"NW4, SE4",NWSE,160.0,"DOC, JUVENILE PROGRAMS",SD070080S0070E0,SD070080S0070E0SN330,SD070080S0070E0SN330ANWSE,SD,07,Black Hills Meridian,008,0,S,007,0,E,0,BLM Cadastral - MT,8S 7E,SN,Section,33,0,33,A,Aliquot Part,NWSE,NWSE,SE,NWSE,,40 Acres,40.0,40.10348894,1318550400000,{131293F8-3269-4E7E-BE27-F92ECD2BC13A},588332,305961.90200589,2212.5565788654676,
Fall River,7,33,008S,07E,"NW4, SE4",SWSE,160.0,"DOC, JUVENILE PROGRAMS",SD070080S0070E0,SD070080S0070E0SN330,SD070080S0070E0SN330ASWSE,SD,07,Black Hills Meridian,008,0,S,007,0,E,0,BLM Cadastral - MT,8S 7E,SN,Section,33,0,33,A,Aliquot Part,SWSE,SWSE,SE,SWSE,,40 Acres,40.0,40.10081697,1318550400000,{93973A12-1C4E-465F-B638-C22DAAD1FD39},588356,305904.9291768,2212.3512834069716,
Fall River,7,33,008S,07E,"NW4, SE4",NESE,160.0,"DOC, JUVENILE PROGRAMS",SD070080S0070E0,SD070080S0070E0SN330,SD070080S0070E0SN330ANESE,SD,07,Black Hills Meridian,008,0,S,007,0,E,0,BLM Cadastral - MT,8S 7E,SN,Section,33,0,33,A,Aliquot Part,NESE,NESE,SE,NESE,,40 Acres,40.0,40.09897857,1318550400000,{2890C122-8C27-4A10-A7F7-8804BFC90594},588333,305929.580504295,2212.4394986986263,
Fall River,7,33,008S,07E,"NW4, SE4",SESE,160.0,"DOC, JUVENILE PROGRAMS",SD070080S0070E0,SD070080S0070E0SN330,SD070080S0070E0SN330ASESE,SD,07,Black Hills Meridian,008,0,S,007,0,E,0,BLM Cadastral - MT,8S 7E,SN,Section,33,0,33,A,Aliquot Part,SESE,SESE,SE,SESE,,40 Acres,40.0,40.09581379,1318550400000,{5E826FDB-CBC9-492D-B146-3BE4F00E60EC},588357,305868.86566272,2212.2329928927297,
Fall River,7,33,008S,07E,"NW4, SE4",NWNW,160.0,"DOC, JUVENILE PROGRAMS",SD070080S0070E0,SD070080S0070E0SN330,SD070080S0070E0SN330ANWNW,SD,07,Black Hills Meridian,008,0,S,007,0,E,0,BLM Cadastral - MT,8S 7E,SN,Section,33,0,33,A,Aliquot Part,NWNW,NWNW,NW,NWNW,,40 Acres,40.0,40.1128201,1318550400000,{8DE387DB-C1E5-4CD3-9659-E78FE7DD16A2},588279,306101.634823285,2213.0624148811653,
Fall River,7,33,008S,07E,"NW4, SE4",SWNW,160.0,"DOC, JUVENILE PROGRAMS",SD070080S0070E0,SD070080S0070E0SN330,SD070080S0070E0SN330ASWNW,SD,07,Black Hills Meridian,008,0,S,007,0,E,0,BLM Cadastral - MT,8S 7E,SN,Section,33,0,33,A,Aliquot Part,SWNW,SWNW,NW,SWNW,,40 Acres,40.0,40.11261308,1318550400000,{30B6D085-142C-4949-AD2F-2BBAF7CC61C1},588304,306063.69840783,2212.9253831451124,
Meade,7,21,004N,14E,All,NWNW,160.0,"DOC, JUVENILE PROGRAMS",SD070040N0140E0,SD070040N0140E0SN210,SD070040N0140E0SN210ANWNW,SD,07,Black Hills Meridian,004,0,N,014,0,E,0,BLM Cadastral - MT,4N 14E,SN,Section,21,0,21,A,Aliquot Part,NWNW,NWNW,NW,NWNW,,40 Acres,40.0,39.90278168,1318550400000,{88759909-D6E2-4E68-8901-2ABA077F7A34},507414,314948.12871699,2244.8206962435247,
Meade,7,21,004N,14E,All,SWNW,160.0,"DOC, JUVENILE PROGRAMS",SD070040N0140E0,SD070040N0140E0SN210,SD070040N0140E0SN210ASWNW,SD,07,Black Hills Meridian,004,0,N,014,0,E,0,BLM Cadastral - MT,4N 14E,SN,Section,21,0,21,A,Aliquot Part,SWNW,SWNW,NW,SWNW,,40 Acres,40.0,39.91451522,1318550400000,{BCBEBCFC-CBBF-4CE0-82A8-BF2B3602A0DE},507438,315002.13533756,2245.01106682023,
Meade,7,21,004N,14E,All,NWSW,160.0,"DOC, JUVENILE PROGRAMS",SD070040N0140E0,SD070040N0140E0SN210,SD070040N0140E0SN210ANWSW,SD,07,Black Hills Meridian,004,0,N,014,0,E,0,BLM Cadastral - MT,4N 14E,SN,Section,21,0,21,A,Aliquot Part,NWSW,NWSW,SW,NWSW,,40 Acres,40.0,39.92687245,1318550400000,{4CFFF330-9902-47AF-954A-EBBD5DC24332},507462,315060.97387717,2245.2190229199073,
Meade,7,21,004N,14E,All,SWSW,160.0,"DOC, JUVENILE PROGRAMS",SD070040N0140E0,SD070040N0140E0SN210,SD070040N0140E0SN210ASWSW,SD,07,Black Hills Meridian,004,0,N,014,0,E,0,BLM Cadastral - MT,4N 14E,SN,Section,21,0,21,A,Aliquot Part,SWSW,SWSW,SW,SWSW,,40 Acres,40.0,39.93850294,1318550400000,{BDB8E50B-93D7-4EAA-BF83-8AB0FA6A7C5F},507486,315114.210826175,2245.407302207864,
Meade,7,21,004N,14E,All,NENW,160.0,"DOC, JUVENILE PROGRAMS",SD070040N0140E0,SD070040N0140E0SN210,SD070040N0140E0SN210ANENW,SD,07,Black Hills Meridian,004,0,N,014,0,E,0,BLM Cadastral - MT,4N 14E,SN,Section,21,0,21,A,Aliquot Part,NENW,NENW,NW,NENW,,40 Acres,40.0,39.88597693,1318550400000,{48B18FAD-5C6E-43AA-8F31-068E56DDBEDD},507415,314817.00750805,2244.353379927951,
Meade,7,21,004N,14E,All,SENW,160.0,"DOC, JUVENILE PROGRAMS",SD070040N0140E0,SD070040N0140E0SN210,SD070040N0140E0SN210ASENW,SD,07,Black Hills Meridian,004,0,N,014,0,E,0,BLM Cadastral - MT,4N 14E,SN,Section,21,0,21,A,Aliquot Part,SENW,SENW,NW,SENW,,40 Acres,40.0,39.89760885,1318550400000,{E155E5DB-B15D-40E2-89DE-769769B7B870},507439,314870.315003445,2244.541368054478,
Meade,7,21,004N,14E,All,NESW,160.0,"DOC, JUVENILE PROGRAMS",SD070040N0140E0,SD070040N0140E0SN210,SD070040N0140E0SN210ANESW,SD,07,Black Hills Meridian,004,0,N,014,0,E,0,BLM Cadastral - MT,4N 14E,SN,Section,21,0,21,A,Aliquot Part,NESW,NESW,SW,NESW,,40 Acres,40.0,39.9124118,1318550400000,{CA22EB65-A68F-4F2F-83CF-9D148884837B},507463,314948.48051994,2244.8182939998887,
Meade,7,21,004N,14E,All,SESW,160.0,"DOC, JUVENILE PROGRAMS",SD070040N0140E0,SD070040N0140E0SN210,SD070040N0140E0SN210ASESW,SD,07,Black Hills Meridian,004,0,N,014,0,E,0,BLM Cadastral - MT,4N 14E,SN,Section,21,0,21,A,Aliquot Part,SESW,SESW,SW,SESW,,40 Acres,40.0,39.92400563,1318550400000,{57D53B68-B2AD-40C3-A2CA-9B2DA421AA3E},507487,315001.40649013,2245.0053368017843,
Meade,7,21,004N,14E,All,NENE,160.0,"DOC, JUVENILE PROGRAMS",SD070040N0140E0,SD070040N0140E0SN210,SD070040N0140E0SN210ANENE,SD,07,Black Hills Meridian,004,0,N,014,0,E,0,BLM Cadastral - MT,4N 14E,SN,Section,21,0,21,A,Aliquot Part,NENE,NENE,NE,NENE,,40 Acres,40.0,39.85578544,1318550400000,{BD56F715-C004-472F-AB72-E5152C3DD180},507417,314581.80809769,2243.5153722399677,
Meade,7,21,004N,14E,All,SENE,160.0,"DOC, JUVENILE PROGRAMS",SD070040N0140E0,SD070040N0140E0SN210,SD070040N0140E0SN210ASENE,SD,07,Black Hills Meridian,004,0,N,014,0,E,0,BLM Cadastral - MT,4N 14E,SN,Section,21,0,21,A,Aliquot Part,SENE,SENE,NE,SENE,,40 Acres,40.0,39.86752538,1318550400000,{505C11F5-8B32-40FD-A88F-64C1D2D84CE2},507441,314635.95050411,2243.7065182732013,
Meade,7,21,004N,14E,All,NESE,160.0,"DOC, JUVENILE PROGRAMS",SD070040N0140E0,SD070040N0140E0SN210,SD070040N0140E0SN210ANESE,SD,07,Black Hills Meridian,004,0,N,014,0,E,0,BLM Cadastral - MT,4N 14E,SN,Section,21,0,21,A,Aliquot Part,NESE,NESE,SE,NESE,,40 Acres,40.0,39.87976352,1318550400000,{D3F7A47F-9405-4691-B79B-DCF316AFEE50},507465,314694.026223865,2243.9117185150517,
Meade,7,21,004N,14E,All,SESE,160.0,"DOC, JUVENILE PROGRAMS",SD070040N0140E0,SD070040N0140E0SN210,SD070040N0140E0SN210ASESE,SD,07,Black Hills Meridian,004,0,N,014,0,E,0,BLM Cadastral - MT,4N 14E,SN,Section,21,0,21,A,Aliquot Part,SESE,SESE,SE,SESE,,40 Acres,40.0,39.89166217,1318550400000,{FAB6D37A-5867-4869-BE31-F3C995BA2A8B},507489,314749.40378817,2244.1073062761625,
Meade,7,21,004N,14E,All,NWNE,160.0,"DOC, JUVENILE PROGRAMS",SD070040N0140E0,SD070040N0140E0SN210,SD070040N0140E0SN210ANWNE,SD,07,Black Hills Meridian,004,0,N,014,0,E,0,BLM Cadastral - MT,4N 14E,SN,Section,21,0,21,A,Aliquot Part,NWNE,NWNE,NE,NWNE,,40 Acres,40.0,39.87051225,1318550400000,{925AE4A9-1BC9-4F52-9763-4898DBEE265E},507416,314696.48686202,2243.923839165764,
Meade,7,21,004N,14E,All,SWNE,160.0,"DOC, JUVENILE PROGRAMS",SD070040N0140E0,SD070040N0140E0SN210,SD070040N0140E0SN210ASWNE,SD,07,Black Hills Meridian,004,0,N,014,0,E,0,BLM Cadastral - MT,4N 14E,SN,Section,21,0,21,A,Aliquot Part,SWNE,SWNE,NE,SWNE,,40 Acres,40.0,39.88209575,1318550400000,{CA9A6493-6FE9-4A95-B0A0-70364930CB9E},507440,314749.385689395,2244.1104398030975,
Meade,7,21,004N,14E,All,NWSE,160.0,"DOC, JUVENILE PROGRAMS",SD070040N0140E0,SD070040N0140E0SN210,SD070040N0140E0SN210ANWSE,SD,07,Black Hills Meridian,004,0,N,014,0,E,0,BLM Cadastral - MT,4N 14E,SN,Section,21,0,21,A,Aliquot Part,NWSE,NWSE,SE,NWSE,,40 Acres,40.0,39.89693023,1318550400000,{6561BFA2-F719-44CD-AC28-977EDA780CF8},507464,314827.90822152,2244.388648017306,
Meade,7,21,004N,14E,All,SWSE,160.0,"DOC, JUVENILE PROGRAMS",SD070040N0140E0,SD070040N0140E0SN210,SD070040N0140E0SN210ASWSE,SD,07,Black Hills Meridian,004,0,N,014,0,E,0,BLM Cadastral - MT,4N 14E,SN,Section,21,0,21,A,Aliquot Part,SWSE,SWSE,SE,SWSE,,40 Acres,40.0,39.90853658,1318550400000,{7E66AF21-401D-4A71-963A-50BBD2B4520A},507488,314880.97057224,2244.5760935651356,
Meade,7,9,002N,13E,All,NENE,160.0,"DOC, JUVENILE PROGRAMS",SD070020N0130E0,SD070020N0130E0SN090,SD070020N0130E0SN090ANENE,SD,07,Black Hills Meridian,002,0,N,013,0,E,0,BLM Cadastral - MT,2N 13E,SN,Section,09,0,09,A,Aliquot Part,NENE,NENE,NE,NENE,,40 Acres,40.0,40.15103097,1318550400000,{944DC2E4-0779-4064-94B2-3BCD3B74A5DC},451377,315324.727465575,2246.1623283355643,
Meade,7,9,002N,13E,All,SENE,160.0,"DOC, JUVENILE PROGRAMS",SD070020N0130E0,SD070020N0130E0SN090,SD070020N0130E0SN090ASENE,SD,07,Black Hills Meridian,002,0,N,013,0,E,0,BLM Cadastral - MT,2N 13E,SN,Section,09,0,09,A,Aliquot Part,SENE,SENE,NE,SENE,,40 Acres,40.0,40.13352044,1318550400000,{FB40D870-A6B3-434F-85C9-EBD00DF6F6E6},451401,315148.665978075,2245.5364993764556,
Meade,7,9,002N,13E,All,NESE,160.0,"DOC, JUVENILE PROGRAMS",SD070020N0130E0,SD070020N0130E0SN090,SD070020N0130E0SN090ANESE,SD,07,Black Hills Meridian,002,0,N,013,0,E,0,BLM Cadastral - MT,2N 13E,SN,Section,09,0,09,A,Aliquot Part,NESE,NESE,SE,NESE,,40 Acres,40.0,40.1164839,1318550400000,{B4CD11FD-B3BC-49CA-94DD-FBE3C7FB242E},451425,314976.422555,2244.9240472912675,
Meade,7,9,002N,13E,All,SESE,160.0,"DOC, JUVENILE PROGRAMS",SD070020N0130E0,SD070020N0130E0SN090,SD070020N0130E0SN090BSESE,SD,07,Black Hills Meridian,002,0,N,013,0,E,0,BLM Cadastral - MT,2N 13E,SN,Section,09,0,09,B,Remainder,SESE,SESE,SE,SESE,,40 Acres,40.0,40.09890999,1318550400000,{67F1E22D-0B69-4009-9C4C-2E8E2FFB9417},451449,314799.90532878,2244.2960621330963,A
Meade,7,9,002N,13E,All,NWNW,160.0,"DOC, JUVENILE PROGRAMS",SD070020N0130E0,SD070020N0130E0SN090,SD070020N0130E0SN090ANWNW,SD,07,Black Hills Meridian,002,0,N,013,0,E,0,BLM Cadastral - MT,2N 13E,SN,Section,09,0,09,A,Aliquot Part,NWNW,NWNW,NW,NWNW,,40 Acres,40.0,40.14539441,1318550400000,{3350F3CC-32FB-4651-B8F6-8923194ACEB3},451374,315275.400948495,2245.9939712179835,
Meade,7,9,002N,13E,All,SWNW,160.0,"DOC, JUVENILE PROGRAMS",SD070020N0130E0,SD070020N0130E0SN090,SD070020N0130E0SN090ASWNW,SD,07,Black Hills Meridian,002,0,N,013,0,E,0,BLM Cadastral - MT,2N 13E,SN,Section,09,0,09,A,Aliquot Part,SWNW,SWNW,NW,SWNW,,40 Acres,40.0,40.12801775,1318550400000,{0416A822-FFE5-485F-8ECE-4C1A242E1DF5},451398,315100.4181937,2245.371483340405,
Meade,7,9,002N,13E,All,NWSW,160.0,"DOC, JUVENILE PROGRAMS",SD070020N0130E0,SD070020N0130E0SN090,SD070020N0130E0SN090ANWSW,SD,07,Black Hills Meridian,002,0,N,013,0,E,0,BLM Cadastral - MT,2N 13E,SN,Section,09,0,09,A,Aliquot Part,NWSW,NWSW,SW,NWSW,,40 Acres,40.0,40.11093667,1318550400000,{E0F53332-15C0-49B0-B030-8D36215A0A45},451422,314927.78673587,2244.7576172298254,
Meade,7,9,002N,13E,All,SWSW,160.0,"DOC, JUVENILE PROGRAMS",SD070020N0130E0,SD070020N0130E0SN090,SD070020N0130E0SN090BSWSW,SD,07,Black Hills Meridian,002,0,N,013,0,E,0,BLM Cadastral - MT,2N 13E,SN,Section,09,0,09,B,Remainder,SWSW,SWSW,SW,SWSW,,40 Acres,40.0,40.09338539,1318550400000,{A38A8635-8666-4037-B820-C5A105AE0C73},451446,314751.5369794,2244.131094359336,A
Meade,7,9,002N,13E,All,NENW,160.0,"DOC, JUVENILE PROGRAMS",SD070020N0130E0,SD070020N0130E0SN090,SD070020N0130E0SN090ANENW,SD,07,Black Hills Meridian,002,0,N,013,0,E,0,BLM Cadastral - MT,2N 13E,SN,Section,09,0,09,A,Aliquot Part,NENW,NENW,NW,NENW,,40 Acres,40.0,40.14609436,1318550400000,{3D492B97-8AC5-4F56-8BE1-94B8703E8A4E},451375,315282.62481015,2246.0169957651533,
Meade,7,9,002N,13E,All,SENW,160.0,"DOC, JUVENILE PROGRAMS",SD070020N0130E0,SD070020N0130E0SN090,SD070020N0130E0SN090ASENW,SD,07,Black Hills Meridian,002,0,N,013,0,E,0,BLM Cadastral - MT,2N 13E,SN,Section,09,0,09,A,Aliquot Part,SENW,SENW,NW,SENW,,40 Acres,40.0,40.12860831,1318550400000,{ED174F0C-75B3-458F-B7A8-BA91488FE3B9},451399,315106.770195065,2245.3915964450634,
Meade,7,9,002N,13E,All,NESW,160.0,"DOC, JUVENILE PROGRAMS",SD070020N0130E0,SD070020N0130E0SN090,SD070020N0130E0SN090ANESW,SD,07,Black Hills Meridian,002,0,N,013,0,E,0,BLM Cadastral - MT,2N 13E,SN,Section,09,0,09,A,Aliquot Part,NESW,NESW,SW,NESW,,40 Acres,40.0,40.11387201,1318550400000,{57C04F84-DB1D-46D0-BBDF-C349B75DDC90},451423,314952.540852,2244.8434288074127,
Meade,7,9,002N,13E,All,SESW,160.0,"DOC, JUVENILE PROGRAMS",SD070020N0130E0,SD070020N0130E0SN090,SD070020N0130E0SN090BSESW,SD,07,Black Hills Meridian,002,0,N,013,0,E,0,BLM Cadastral - MT,2N 13E,SN,Section,09,0,09,B,Remainder,SESW,SESW,SW,SESW,,40 Acres,40.0,40.09637916,1318550400000,{A9DAC30A-048F-468A-AD87-01AD622D64B7},451447,314776.73475548,2244.2183191875524,A
Meade,7,9,002N,13E,All,NWNE,160.0,"DOC, JUVENILE PROGRAMS",SD070020N0130E0,SD070020N0130E0SN090,SD070020N0130E0SN090ANWNE,SD,07,Black Hills Meridian,002,0,N,013,0,E,0,BLM Cadastral - MT,2N 13E,SN,Section,09,0,09,A,Aliquot Part,NWNE,NWNE,NE,NWNE,,40 Acres,40.0,40.14796223,1318550400000,{4A5A636C-7255-40AB-99EF-5819D930CA87},451376,315298.93454967,2246.0725046250627,
Meade,7,9,002N,13E,All,SWNE,160.0,"DOC, JUVENILE PROGRAMS",SD070020N0130E0,SD070020N0130E0SN090,SD070020N0130E0SN090ASWNE,SD,07,Black Hills Meridian,002,0,N,013,0,E,0,BLM Cadastral - MT,2N 13E,SN,Section,09,0,09,A,Aliquot Part,SWNE,SWNE,NE,SWNE,,40 Acres,40.0,40.13042433,1318550400000,{CED0FA7E-7381-435B-9DFC-3AF7C2196CA4},451400,315122.6362909,2245.4457050475944,
Meade,7,9,002N,13E,All,NWSE,160.0,"DOC, JUVENILE PROGRAMS",SD070020N0130E0,SD070020N0130E0SN090,SD070020N0130E0SN090ANWSE,SD,07,Black Hills Meridian,002,0,N,013,0,E,0,BLM Cadastral - MT,2N 13E,SN,Section,09,0,09,A,Aliquot Part,NWSE,NWSE,SE,NWSE,,40 Acres,40.0,40.11595653,1318550400000,{9948435E-69EB-4CEE-A7A2-95912F6B6513},451424,314970.594756255,2244.905342005605,
Meade,7,9,002N,13E,All,SWSE,160.0,"DOC, JUVENILE PROGRAMS",SD070020N0130E0,SD070020N0130E0SN090,SD070020N0130E0SN090BSWSE,SD,07,Black Hills Meridian,002,0,N,013,0,E,0,BLM Cadastral - MT,2N 13E,SN,Section,09,0,09,B,Remainder,SWSE,SWSE,SE,SWSE,,40 Acres,40.0,40.09830364,1318550400000,{68423A2B-A2E7-4D1A-8124-F8FC3A0263A9},451448,314793.51931078,2244.2755588458713,A
Fall River,7,32,008S,07E,"N2, SW4",NWNW,320.0,"DOC, JUVENILE PROGRAMS",SD070080S0070E0,SD070080S0070E0SN320,SD070080S0070E0SN320ANWNW,SD,07,Black Hills Meridian,008,0,S,007,0,E,0,BLM Cadastral - MT,8S 7E,SN,Section,32,0,32,A,Aliquot Part,NWNW,NWNW,NW,NWNW,,40 Acres,40.0,40.12400994,1318550400000,{56197E8A-E9DA-4A7E-BC82-4915CC8ADA89},588275,306178.576646455,2213.3402322206452,
Fall River,7,32,008S,07E,"N2, SW4",SWNW,320.0,"DOC, JUVENILE PROGRAMS",SD070080S0070E0,SD070080S0070E0SN320,SD070080S0070E0SN320ASWNW,SD,07,Black Hills Meridian,008,0,S,007,0,E,0,BLM Cadastral - MT,8S 7E,SN,Section,32,0,32,A,Aliquot Part,SWNW,SWNW,NW,SWNW,,40 Acres,40.0,40.12061109,1318550400000,{70DA219F-FBCD-473E-881A-BDF7B6BBC395},588299,306116.288556305,2213.115329312335,
Fall River,7,32,008S,07E,"N2, SW4",NWSW,320.0,"DOC, JUVENILE PROGRAMS",SD070080S0070E0,SD070080S0070E0SN320,SD070080S0070E0SN320ANWSW,SD,07,Black Hills Meridian,008,0,S,007,0,E,0,BLM Cadastral - MT,8S 7E,SN,Section,32,0,32,A,Aliquot Part,NWSW,NWSW,SW,NWSW,,40 Acres,40.0,40.11666448,1318550400000,{53965D48-9617-4DA5-B6AE-018F17B01109},588323,306049.83558238,2212.8753325747057,
Fall River,7,32,008S,07E,"N2, SW4",SWSW,320.0,"DOC, JUVENILE PROGRAMS",SD070080S0070E0,SD070080S0070E0SN320,SD070080S0070E0SN320ASWSW,SD,07,Black Hills Meridian,008,0,S,007,0,E,0,BLM Cadastral - MT,8S 7E,SN,Section,32,0,32,A,Aliquot Part,SWSW,SWSW,SW,SWSW,,40 Acres,40.0,40.11305535,1318550400000,{51C6F314-B679-4029-9D24-A1EFB2E1FD5A},588350,305985.718039245,2212.646934013044,
Fall River,7,32,008S,07E,"N2, SW4",NENW,320.0,"DOC, JUVENILE PROGRAMS",SD070080S0070E0,SD070080S0070E0SN320,SD070080S0070E0SN320ANENW,SD,07,Black Hills Meridian,008,0,S,007,0,E,0,BLM Cadastral - MT,8S 7E,SN,Section,32,0,32,A,Aliquot Part,NENW,NENW,NW,NENW,,40 Acres,40.0,40.1238498,1318550400000,{2191990D-44A5-4B4D-89BA-D25B169ADB5C},588276,306179.47492415,2213.343602993063,
Fall River,7,32,008S,07E,"N2, SW4",SENW,320.0,"DOC, JUVENILE PROGRAMS",SD070080S0070E0,SD070080S0070E0SN320,SD070080S0070E0SN320ASENW,SD,07,Black Hills Meridian,008,0,S,007,0,E,0,BLM Cadastral - MT,8S 7E,SN,Section,32,0,32,A,Aliquot Part,SENW,SENW,NW,SENW,,40 Acres,40.0,40.12022019,1318550400000,{8329E4CE-E7FD-4DB8-8F5D-A4D13ABCF7C2},588300,306115.42215061,2213.1123079923896,
Fall River,7,32,008S,07E,"N2, SW4",NESW,320.0,"DOC, JUVENILE PROGRAMS",SD070080S0070E0,SD070080S0070E0SN320,SD070080S0070E0SN320ANESW,SD,07,Black Hills Meridian,008,0,S,007,0,E,0,BLM Cadastral - MT,8S 7E,SN,Section,32,0,32,A,Aliquot Part,NESW,NESW,SW,NESW,,40 Acres,40.0,40.11673855,1318550400000,{4FF6604B-85CC-42D0-A23C-B90E2343E53A},588325,306052.47459451,2212.8850111547526,
Fall River,7,32,008S,07E,"N2, SW4",SESW,320.0,"DOC, JUVENILE PROGRAMS",SD070080S0070E0,SD070080S0070E0SN320,SD070080S0070E0SN320ASESW,SD,07,Black Hills Meridian,008,0,S,007,0,E,0,BLM Cadastral - MT,8S 7E,SN,Section,32,0,32,A,Aliquot Part,SESW,SESW,SW,SESW,,40 Acres,40.0,40.1134392,1318550400000,{B7AD9646-C623-483C-93A4-C372BD4BBCCA},588351,305990.75322946,2212.6608046449182,
Fall River,7,32,008S,07E,"N2, SW4",NWNE,320.0,"DOC, JUVENILE PROGRAMS",SD070080S0070E0,SD070080S0070E0SN320,SD070080S0070E0SN320ANWNE,SD,07,Black Hills Meridian,008,0,S,007,0,E,0,BLM Cadastral - MT,8S 7E,SN,Section,32,0,32,A,Aliquot Part,NWNE,NWNE,NE,NWNE,,40 Acres,40.0,40.12555428,1318550400000,{E8D4D19E-6B72-49CF-8D2B-6CBB25B79EE5},588277,306194.58291048,2213.398372652898,
Fall River,7,32,008S,07E,"N2, SW4",SWNE,320.0,"DOC, JUVENILE PROGRAMS",SD070080S0070E0,SD070080S0070E0SN320,SD070080S0070E0SN320ASWNE,SD,07,Black Hills Meridian,008,0,S,007,0,E,0,BLM Cadastral - MT,8S 7E,SN,Section,32,0,32,A,Aliquot Part,SWNE,SWNE,NE,SWNE,,40 Acres,40.0,40.12399127,1318550400000,{41AEB9E4-9274-4A68-94CB-6828C034F8C9},588301,306146.305058445,2213.223985182215,
Fall River,7,32,008S,07E,"N2, SW4",NENE,320.0,"DOC, JUVENILE PROGRAMS",SD070080S0070E0,SD070080S0070E0SN320,SD070080S0070E0SN320ANENE,SD,07,Black Hills Meridian,008,0,S,007,0,E,0,BLM Cadastral - MT,8S 7E,SN,Section,32,0,32,A,Aliquot Part,NENE,NENE,NE,NENE,,40 Acres,40.0,40.12749938,1318550400000,{E83AAE7A-7FD6-4ED1-8E69-F4D245F9A068},588278,306211.578255475,2213.4600409878017,
Fall River,7,32,008S,07E,"N2, SW4",SENE,320.0,"DOC, JUVENILE PROGRAMS",SD070080S0070E0,SD070080S0070E0SN320,SD070080S0070E0SN320ASENE,SD,07,Black Hills Meridian,008,0,S,007,0,E,0,BLM Cadastral - MT,8S 7E,SN,Section,32,0,32,A,Aliquot Part,SENE,SENE,NE,SENE,,40 Acres,40.0,40.1259256,1318550400000,{423B6CB3-71A4-47E4-AC83-CC34385040C8},588303,306163.146322825,2213.285051302707,
Fall River,7,34,008S,07E,S2,NWSE,320.0,"DOC, JUVENILE PROGRAMS",SD070080S0070E0,SD070080S0070E0SN340,SD070080S0070E0SN340ANWSE,SD,07,Black Hills Meridian,008,0,S,007,0,E,0,BLM Cadastral - MT,8S 7E,SN,Section,34,0,34,A,Aliquot Part,NWSE,NWSE,SE,NWSE,,40 Acres,40.0,40.08813612,1318550400000,{207FD625-9488-484D-B4F6-8B57611122A7},588336,305852.98435726,2212.1628815382433,
Fall River,7,34,008S,07E,S2,SWSE,320.0,"DOC, JUVENILE PROGRAMS",SD070080S0070E0,SD070080S0070E0SN340,SD070080S0070E0SN340ASWSE,SD,07,Black Hills Meridian,008,0,S,007,0,E,0,BLM Cadastral - MT,8S 7E,SN,Section,34,0,34,A,Aliquot Part,SWSE,SWSE,SE,SWSE,,40 Acres,40.0,40.0987577,1318550400000,{47D0416A-474F-42BC-B45A-00E2675EAFD2},588360,305897.4709042,2212.3269139258427,
Fall River,7,34,008S,07E,S2,NESW,320.0,"DOC, JUVENILE PROGRAMS",SD070080S0070E0,SD070080S0070E0SN340,SD070080S0070E0SN340ANESW,SD,07,Black Hills Meridian,008,0,S,007,0,E,0,BLM Cadastral - MT,8S 7E,SN,Section,34,0,34,A,Aliquot Part,NESW,NESW,SW,NESW,,40 Acres,40.0,40.0821626,1318550400000,{8C9D4760-6278-48EC-BF35-D74F79175796},588335,305805.35990714,2211.991012185449,
Fall River,7,34,008S,07E,S2,SESW,320.0,"DOC, JUVENILE PROGRAMS",SD070080S0070E0,SD070080S0070E0SN340,SD070080S0070E0SN340ASESW,SD,07,Black Hills Meridian,008,0,S,007,0,E,0,BLM Cadastral - MT,8S 7E,SN,Section,34,0,34,A,Aliquot Part,SESW,SESW,SW,SESW,,40 Acres,40.0,40.08962615,1318550400000,{CAACED48-0342-447E-97F5-C95EA1E0BBAE},588359,305825.808446185,2212.0638015864256,
Fall River,7,34,008S,07E,S2,NWSW,320.0,"DOC, JUVENILE PROGRAMS",SD070080S0070E0,SD070080S0070E0SN340,SD070080S0070E0SN340ANWSW,SD,07,Black Hills Meridian,008,0,S,007,0,E,0,BLM Cadastral - MT,8S 7E,SN,Section,34,0,34,A,Aliquot Part,NWSW,NWSW,SW,NWSW,,40 Acres,40.0,40.08093692,1318550400000,{1F967075-0119-4DE6-86AF-47F6F3B4DE87},588334,305793.93318015,2211.949661417018,
Fall River,7,34,008S,07E,S2,SWSW,320.0,"DOC, JUVENILE PROGRAMS",SD070080S0070E0,SD070080S0070E0SN340,SD070080S0070E0SN340ASWSW,SD,07,Black Hills Meridian,008,0,S,007,0,E,0,BLM Cadastral - MT,8S 7E,SN,Section,34,0,34,A,Aliquot Part,SWSW,SWSW,SW,SWSW,,40 Acres,40.0,40.08826559,1318550400000,{15254935-629F-4716-97B8-AD3D07D2B168},588358,305813.301557645,2212.018281766075,
Fall River,7,34,008S,07E,S2,NESE,320.0,"DOC, JUVENILE PROGRAMS",SD070080S0070E0,SD070080S0070E0SN340,SD070080S0070E0SN340ANESE,SD,07,Black Hills Meridian,008,0,S,007,0,E,0,BLM Cadastral - MT,8S 7E,SN,Section,34,0,34,A,Aliquot Part,NESE,NESE,SE,NESE,,40 Acres,40.0,40.08614027,1318550400000,{A4D140C3-F06E-419B-ADB4-97B199645EA0},588337,305839.78969361,2212.115063818742,
Fall River,7,34,008S,07E,S2,SESE,320.0,"DOC, JUVENILE PROGRAMS",SD070080S0070E0,SD070080S0070E0SN340,SD070080S0070E0SN340ASESE,SD,07,Black Hills Meridian,008,0,S,007,0,E,0,BLM Cadastral - MT,8S 7E,SN,Section,34,0,34,A,Aliquot Part,SESE,SESE,SE,SESE,,40 Acres,40.0,40.09691458,1318550400000,{34BF33B2-71B4-4D28-BEDA-209E670E039A},588361,305885.46933185,2212.272710430813,
Fall River,7,35,010S,05E,All,NWNE,320.0,"DOC, JUVENILE PROGRAMS",SD070100S0050E0,SD070100S0050E0SN350,SD070100S0050E0SN350ANWNE,SD,07,Black Hills Meridian,010,0,S,005,0,E,0,BLM Cadastral - MT,10S 5E,SN,Section,35,0,35,A,Aliquot Part,NWNE,NWNE,NE,NWNE,,40 Acres,40.0,40.05862376,1318550400000,{D7617A6E-06EC-42E7-9261-221CE02C5C49},614593,303873.97508223,2205.0078242095115,
Fall River,7,35,010S,05E,All,SWNE,320.0,"DOC, JUVENILE PROGRAMS",SD070100S0050E0,SD070100S0050E0SN350,SD070100S0050E0SN350ASWNE,SD,07,Black Hills Meridian,010,0,S,005,0,E,0,BLM Cadastral - MT,10S 5E,SN,Section,35,0,35,A,Aliquot Part,SWNE,SWNE,NE,SWNE,,40 Acres,40.0,40.07117628,1318550400000,{E3920F6D-429F-4737-8637-B09D29FE80BC},614617,303933.364922135,2205.222245944348,
Fall River,7,35,010S,05E,All,NWSE,320.0,"DOC, JUVENILE PROGRAMS",SD070100S0050E0,SD070100S0050E0SN350,SD070100S0050E0SN350ANWSE,SD,07,Black Hills Meridian,010,0,S,005,0,E,0,BLM Cadastral - MT,10S 5E,SN,Section,35,0,35,A,Aliquot Part,NWSE,NWSE,SE,NWSE,,40 Acres,40.0,40.08676119,1318550400000,{13D43544-C46C-4262-86D7-359473A0646D},614641,304015.72400714,2205.520029195708,
Fall River,7,35,010S,05E,All,SWSE,320.0,"DOC, JUVENILE PROGRAMS",SD070100S0050E0,SD070100S0050E0SN350,SD070100S0050E0SN350ASWSE,SD,07,Black Hills Meridian,010,0,S,005,0,E,0,BLM Cadastral - MT,10S 5E,SN,Section,35,0,35,A,Aliquot Part,SWSE,SWSE,SE,SWSE,,40 Acres,40.0,40.09931912,1318550400000,{87EFA0B5-A36D-4779-B829-83489E3A7840},614665,304075.09125777,2205.734272216878,
Fall River,7,35,010S,05E,All,NENE,320.0,"DOC, JUVENILE PROGRAMS",SD070100S0050E0,SD070100S0050E0SN350,SD070100S0050E0SN350ANENE,SD,07,Black Hills Meridian,010,0,S,005,0,E,0,BLM Cadastral - MT,10S 5E,SN,Section,35,0,35,A,Aliquot Part,NENE,NENE,NE,NENE,,40 Acres,40.0,40.05456636,1318550400000,{34A71509-4F92-4608-B74C-73E8E3D911D8},614594,303845.203070015,2204.9048708380756,
Fall River,7,35,010S,05E,All,SENE,320.0,"DOC, JUVENILE PROGRAMS",SD070100S0050E0,SD070100S0050E0SN350,SD070100S0050E0SN350ASENE,SD,07,Black Hills Meridian,010,0,S,005,0,E,0,BLM Cadastral - MT,10S 5E,SN,Section,35,0,35,A,Aliquot Part,SENE,SENE,NE,SENE,,40 Acres,40.0,40.06695804,1318550400000,{3672CBD3-03FF-4AEA-9A8D-F83846FF6225},614618,303903.428218125,2205.1152636946103,
Fall River,7,35,010S,05E,All,NESE,320.0,"DOC, JUVENILE PROGRAMS",SD070100S0050E0,SD070100S0050E0SN350,SD070100S0050E0SN350ANESE,SD,07,Black Hills Meridian,010,0,S,005,0,E,0,BLM Cadastral - MT,10S 5E,SN,Section,35,0,35,A,Aliquot Part,NESE,NESE,SE,NESE,,40 Acres,40.0,40.0801745,1318550400000,{00B9D861-760A-4783-B7AE-115F58FA61FE},614642,303967.830360105,2205.3478368041615,
Fall River,7,35,010S,05E,All,SESE,320.0,"DOC, JUVENILE PROGRAMS",SD070100S0050E0,SD070100S0050E0SN350,SD070100S0050E0SN350ASESE,SD,07,Black Hills Meridian,010,0,S,005,0,E,0,BLM Cadastral - MT,10S 5E,SN,Section,35,0,35,A,Aliquot Part,SESE,SESE,SE,SESE,,40 Acres,40.0,40.09257343,1318550400000,{C5DADA8D-2AE2-437A-913E-A73AA3F70E86},614666,304026.04925737,2205.557709710117,
Fall River,7,35,010S,05E,All,NWNW,320.0,"DOC, JUVENILE PROGRAMS",SD070100S0050E0,SD070100S0050E0SN350,SD070100S0050E0SN350ANWNW,SD,07,Black Hills Meridian,010,0,S,005,0,E,0,BLM Cadastral - MT,10S 5E,SN,Section,35,0,35,A,Aliquot Part,NWNW,NWNW,NW,NWNW,,40 Acres,40.0,40.07051411,1318550400000,{BD9984D1-A994-4FA2-B7CB-CA356535F400},614591,303960.10655428,2205.3179498594022,
Fall River,7,35,010S,05E,All,SWNW,320.0,"DOC, JUVENILE PROGRAMS",SD070100S0050E0,SD070100S0050E0SN350,SD070100S0050E0SN350ASWNW,SD,07,Black Hills Meridian,010,0,S,005,0,E,0,BLM Cadastral - MT,10S 5E,SN,Section,35,0,35,A,Aliquot Part,SWNW,SWNW,NW,SWNW,,40 Acres,40.0,40.08291019,1318550400000,{004F64F1-8516-4E6A-B34A-BC6147B85574},614615,304018.29191655,2205.527695157591,
Fall River,7,35,010S,05E,All,NWSW,320.0,"DOC, JUVENILE PROGRAMS",SD070100S0050E0,SD070100S0050E0SN350,SD070100S0050E0SN350ANWSW,SD,07,Black Hills Meridian,010,0,S,005,0,E,0,BLM Cadastral - MT,10S 5E,SN,Section,35,0,35,A,Aliquot Part,NWSW,NWSW,SW,NWSW,,40 Acres,40.0,40.09622928,1318550400000,{77010D30-26E4-429E-B3AF-1E650F6D7A9F},614639,304083.415755735,2205.7628834067577,
Fall River,7,35,010S,05E,All,SWSW,320.0,"DOC, JUVENILE PROGRAMS",SD070100S0050E0,SD070100S0050E0SN350,SD070100S0050E0SN350ASWSW,SD,07,Black Hills Meridian,010,0,S,005,0,E,0,BLM Cadastral - MT,10S 5E,SN,Section,35,0,35,A,Aliquot Part,SWSW,SWSW,SW,SWSW,,40 Acres,40.0,40.10878568,1318550400000,{415799E9-1FAB-4279-99D2-70BA0EAEE1D8},614663,304142.851111905,2205.9776871106596,
Fall River,7,35,010S,05E,All,NENW,320.0,"DOC, JUVENILE PROGRAMS",SD070100S0050E0,SD070100S0050E0SN350,SD070100S0050E0SN350ANENW,SD,07,Black Hills Meridian,010,0,S,005,0,E,0,BLM Cadastral - MT,10S 5E,SN,Section,35,0,35,A,Aliquot Part,NENW,NENW,NW,NENW,,40 Acres,40.0,40.06413796,1318550400000,{97FE1F94-EA8B-458D-9E41-33DC1483C582},614592,303913.81018037,2205.151155257081,
Fall River,7,35,010S,05E,All,SENW,320.0,"DOC, JUVENILE PROGRAMS",SD070100S0050E0,SD070100S0050E0SN350,SD070100S0050E0SN350ASENW,SD,07,Black Hills Meridian,010,0,S,005,0,E,0,BLM Cadastral - MT,10S 5E,SN,Section,35,0,35,A,Aliquot Part,SENW,SENW,NW,SENW,,40 Acres,40.0,40.07668216,1318550400000,{4CDAA816-0117-481B-B9B1-6F2CD3B673FF},614616,303973.148394065,2205.365265196599,
Fall River,7,35,010S,05E,All,NESW,320.0,"DOC, JUVENILE PROGRAMS",SD070100S0050E0,SD070100S0050E0SN350,SD070100S0050E0SN350ANESW,SD,07,Black Hills Meridian,010,0,S,005,0,E,0,BLM Cadastral - MT,10S 5E,SN,Section,35,0,35,A,Aliquot Part,NESW,NESW,SW,NESW,,40 Acres,40.0,40.09215202,1318550400000,{0EE2ACAC-00CE-49B9-8A49-8CC54DB21D58},614640,304054.573480965,2205.6596475352044,
Fall River,7,35,010S,05E,All,SESW,320.0,"DOC, JUVENILE PROGRAMS",SD070100S0050E0,SD070100S0050E0SN350,SD070100S0050E0SN350ASESW,SD,07,Black Hills Meridian,010,0,S,005,0,E,0,BLM Cadastral - MT,10S 5E,SN,Section,35,0,35,A,Aliquot Part,SESW,SESW,SW,SESW,,40 Acres,40.0,40.10472588,1318550400000,{FE255727-ED79-429F-8C9D-BA93DCE14B96},614664,304114.067044035,2205.874504702408,
Fall River,7,35,008S,07E,"W2,SE4",NWSE,480.0,"DOC, JUVENILE PROGRAMS",SD070080S0070E0,SD070080S0070E0SN350,SD070080S0070E0SN350ANWSE,SD,07,Black Hills Meridian,008,0,S,007,0,E,0,BLM Cadastral - MT,8S 7E,SN,Section,35,0,35,A,Aliquot Part,NWSE,NWSE,SE,NWSE,,40 Acres,40.0,40.11321477,1318550400000,{F341CCBB-7FC9-4233-BD37-6CEB6DB77E82},588340,306052.52779587,2212.8838824482464,
Fall River,7,35,008S,07E,"W2,SE4",SWSE,480.0,"DOC, JUVENILE PROGRAMS",SD070080S0070E0,SD070080S0070E0SN350,SD070080S0070E0SN350ASWSE,SD,07,Black Hills Meridian,008,0,S,007,0,E,0,BLM Cadastral - MT,8S 7E,SN,Section,35,0,35,A,Aliquot Part,SWSE,SWSE,SE,SWSE,,40 Acres,40.0,40.11796894,1318550400000,{93D33636-F348-40F1-9568-40DA4F3AC4F9},588364,306052.231079145,2212.8828322830163,
Fall River,7,35,008S,07E,"W2,SE4",NWNW,480.0,"DOC, JUVENILE PROGRAMS",SD070080S0070E0,SD070080S0070E0SN350,SD070080S0070E0SN350ANWNW,SD,07,Black Hills Meridian,008,0,S,007,0,E,0,BLM Cadastral - MT,8S 7E,SN,Section,35,0,35,A,Aliquot Part,NWNW,NWNW,NW,NWNW,,40 Acres,40.0,40.10121289,1318550400000,{9FD0387F-43F3-4D46-8EB1-C73BC85B8EDE},588290,306029.4523464,2212.800107719703,
Fall River,7,35,008S,07E,"W2,SE4",SWNW,480.0,"DOC, JUVENILE PROGRAMS",SD070080S0070E0,SD070080S0070E0SN350,SD070080S0070E0SN350ASWNW,SD,07,Black Hills Meridian,008,0,S,007,0,E,0,BLM Cadastral - MT,8S 7E,SN,Section,35,0,35,A,Aliquot Part,SWNW,SWNW,NW,SWNW,,40 Acres,40.0,40.10086427,1318550400000,{A970CCE8-9750-4644-BC43-C993B92FC84B},588314,305990.51916871,2212.6594232148846,
Fall River,7,35,008S,07E,"W2,SE4",NWSW,480.0,"DOC, JUVENILE PROGRAMS",SD070080S0070E0,SD070080S0070E0SN350,SD070080S0070E0SN350ANWSW,SD,07,Black Hills Meridian,008,0,S,007,0,E,0,BLM Cadastral - MT,8S 7E,SN,Section,35,0,35,A,Aliquot Part,NWSW,NWSW,SW,NWSW,,40 Acres,40.0,40.1016938,1318550400000,{0B6887A2-02A7-42DF-83EF-FDD99F39DB09},588338,305960.53607123,2212.5511125387625,
Fall River,7,35,008S,07E,"W2,SE4",SWSW,480.0,"DOC, JUVENILE PROGRAMS",SD070080S0070E0,SD070080S0070E0SN350,SD070080S0070E0SN350ASWSW,SD,07,Black Hills Meridian,008,0,S,007,0,E,0,BLM Cadastral - MT,8S 7E,SN,Section,35,0,35,A,Aliquot Part,SWSW,SWSW,SW,SWSW,,40 Acres,40.0,40.10267743,1318550400000,{41796F02-75CC-4B93-8C1A-F9BDBACBFD0D},588362,305931.47514024,2212.443326686096,
Fall River,7,35,008S,07E,"W2,SE4",NENW,480.0,"DOC, JUVENILE PROGRAMS",SD070080S0070E0,SD070080S0070E0SN350,SD070080S0070E0SN350ANENW,SD,07,Black Hills Meridian,008,0,S,007,0,E,0,BLM Cadastral - MT,8S 7E,SN,Section,35,0,35,A,Aliquot Part,NENW,NENW,NW,NENW,,40 Acres,40.0,40.10248766,1318550400000,{76F0B597-43DE-4AAC-B51E-94E1453317EE},588291,306041.306094205,2212.8430522473877,
Fall River,7,35,008S,07E,"W2,SE4",SENW,480.0,"DOC, JUVENILE PROGRAMS",SD070080S0070E0,SD070080S0070E0SN350,SD070080S0070E0SN350ASENW,SD,07,Black Hills Meridian,008,0,S,007,0,E,0,BLM Cadastral - MT,8S 7E,SN,Section,35,0,35,A,Aliquot Part,SENW,SENW,NW,SENW,,40 Acres,40.0,40.10210573,1318550400000,{FB0B36BB-7AC7-4931-BA9F-E2909FD17E12},588315,306002.05841561,2212.701208080932,
Fall River,7,35,008S,07E,"W2,SE4",NESW,480.0,"DOC, JUVENILE PROGRAMS",SD070080S0070E0,SD070080S0070E0SN350,SD070080S0070E0SN350ANESW,SD,07,Black Hills Meridian,008,0,S,007,0,E,0,BLM Cadastral - MT,8S 7E,SN,Section,35,0,35,A,Aliquot Part,NESW,NESW,SW,NESW,,40 Acres,40.0,40.10640577,1318550400000,{8B5AFDE1-4C32-4370-B35C-FA4D824206B4},588339,305998.54749091,2212.688795586179,
Fall River,7,35,008S,07E,"W2,SE4",SESW,480.0,"DOC, JUVENILE PROGRAMS",SD070080S0070E0,SD070080S0070E0SN350,SD070080S0070E0SN350ASESW,SD,07,Black Hills Meridian,008,0,S,007,0,E,0,BLM Cadastral - MT,8S 7E,SN,Section,35,0,35,A,Aliquot Part,SESW,SESW,SW,SESW,,40 Acres,40.0,40.10738741,1318550400000,{06FD0204-5B5A-4EDB-8945-23FB5DBDA4DB},588363,305969.47047437,2212.5805945382826,
Fall River,7,35,008S,07E,"W2,SE4",NESE,480.0,"DOC, JUVENILE PROGRAMS",SD070080S0070E0,SD070080S0070E0SN350,SD070080S0070E0SN350ANESE,SD,07,Black Hills Meridian,008,0,S,007,0,E,0,BLM Cadastral - MT,8S 7E,SN,Section,35,0,35,A,Aliquot Part,NESE,NESE,SE,NESE,,40 Acres,40.0,40.11371888,1318550400000,{B14BD932-81D9-4001-B906-5BEF3640B034},588341,306058.43378602,2212.9052341385745,
Fall River,7,35,008S,07E,"W2,SE4",SESE,480.0,"DOC, JUVENILE PROGRAMS",SD070080S0070E0,SD070080S0070E0SN350,SD070080S0070E0SN350ASESE,SD,07,Black Hills Meridian,008,0,S,007,0,E,0,BLM Cadastral - MT,8S 7E,SN,Section,35,0,35,A,Aliquot Part,SESE,SESE,SE,SESE,,40 Acres,40.0,40.11855976,1318550400000,{A6B5FA18-58D5-4344-BB05-B5A8476A35DE},588365,306058.815946205,2212.9001307034955,
Harding,7,1,017N,02E,"Lots 1,2,3,4, S2N2, S2",L1,628.62,"DOC, JUVENILE PROGRAMS",SD070170N0020E0,SD070170N0020E0SN010,SD070170N0020E0SN010L1,SD,07,Black Hills Meridian,017,0,N,002,0,E,0,BLM Cadastral - MT,17N 2E,SN,Section,01,0,01,L,Government Lot,1,L 1,NE,NENE,L1,39.98 Acres,39.98,39.91047165,1318550400000,{C4B8E58E-2F37-4680-A7D4-15134F73728B},675500,327513.556559745,2289.1619805638384,
Harding,7,1,017N,02E,"Lots 1,2,3,4, S2N2, S2",SWNW,628.62,"DOC, JUVENILE PROGRAMS",SD070170N0020E0,SD070170N0020E0SN010,SD070170N0020E0SN010ASWNW,SD,07,Black Hills Meridian,017,0,N,002,0,E,0,BLM Cadastral - MT,17N 2E,SN,Section,01,0,01,A,Aliquot Part,SWNW,SWNW,NW,SWNW,,40 Acres,40.0,39.9038126,1318550400000,{85014853-DCD9-472B-8F2F-2D261BE22A3A},675525,327409.71808607,2288.8082346293577,
Harding,7,1,017N,02E,"Lots 1,2,3,4, S2N2, S2",NWSW,628.62,"DOC, JUVENILE PROGRAMS",SD070170N0020E0,SD070170N0020E0SN010,SD070170N0020E0SN010ANWSW,SD,07,Black Hills Meridian,017,0,N,002,0,E,0,BLM Cadastral - MT,17N 2E,SN,Section,01,0,01,A,Aliquot Part,NWSW,NWSW,SW,NWSW,,40 Acres,40.0,39.88149129,1318550400000,{ED9BB87A-3606-4465-91CC-1AA498D73AF1},675549,327184.75287057,2288.0182107589694,
Harding,7,1,017N,02E,"Lots 1,2,3,4, S2N2, S2",SWSW,628.62,"DOC, JUVENILE PROGRAMS",SD070170N0020E0,SD070170N0020E0SN010,SD070170N0020E0SN010ASWSW,SD,07,Black Hills Meridian,017,0,N,002,0,E,0,BLM Cadastral - MT,17N 2E,SN,Section,01,0,01,A,Aliquot Part,SWSW,SWSW,SW,SWSW,,40 Acres,40.0,39.89215857,1318550400000,{ADDE4D24-BF1C-406C-B8A0-1D5FBC51B507},675572,327230.39811228,2288.1768108949077,
Harding,7,1,017N,02E,"Lots 1,2,3,4, S2N2, S2",L3,628.62,"DOC, JUVENILE PROGRAMS",SD070170N0020E0,SD070170N0020E0SN010,SD070170N0020E0SN010L3,SD,07,Black Hills Meridian,017,0,N,002,0,E,0,BLM Cadastral - MT,17N 2E,SN,Section,01,0,01,L,Government Lot,3,L 3,NW,NENW,L3,39.9 Acres,39.9,39.82715993,1318550400000,{05CE6402-E90F-4F74-B0F9-35ED7C8362DB},675502,326825.00676218,2286.7504567433966,
Harding,7,1,017N,02E,"Lots 1,2,3,4, S2N2, S2",SWNE,628.62,"DOC, JUVENILE PROGRAMS",SD070170N0020E0,SD070170N0020E0SN010,SD070170N0020E0SN010ASWNE,SD,07,Black Hills Meridian,017,0,N,002,0,E,0,BLM Cadastral - MT,17N 2E,SN,Section,01,0,01,A,Aliquot Part,SWNE,SWNE,NE,SWNE,,40 Acres,40.0,39.91837181,1318550400000,{81464EDC-B791-4677-8BCF-8FBF31F572E5},675527,327534.02486538,2289.237335806296,
Harding,7,1,017N,02E,"Lots 1,2,3,4, S2N2, S2",NWSE,628.62,"DOC, JUVENILE PROGRAMS",SD070170N0020E0,SD070170N0020E0SN010,SD070170N0020E0SN010ANWSE,SD,07,Black Hills Meridian,017,0,N,002,0,E,0,BLM Cadastral - MT,17N 2E,SN,Section,01,0,01,A,Aliquot Part,NWSE,NWSE,SE,NWSE,,40 Acres,40.0,39.8949583,1318550400000,{46EF9385-8DC1-4140-9FFA-BB58E876F6E6},675551,327300.039482535,2288.4189636657893,
Harding,7,1,017N,02E,"Lots 1,2,3,4, S2N2, S2",SWSE,628.62,"DOC, JUVENILE PROGRAMS",SD070170N0020E0,SD070170N0020E0SN010,SD070170N0020E0SN010ASWSE,SD,07,Black Hills Meridian,017,0,N,002,0,E,0,BLM Cadastral - MT,17N 2E,SN,Section,01,0,01,A,Aliquot Part,SWSE,SWSE,SE,SWSE,,40 Acres,40.0,39.89193951,1318550400000,{23CD8915-6DC7-46AF-9C93-08BA89C31771},675575,327233.41956918,2288.1863569156435,
Harding,7,1,017N,02E,"Lots 1,2,3,4, S2N2, S2",L2,628.62,"DOC, JUVENILE PROGRAMS",SD070170N0020E0,SD070170N0020E0SN010,SD070170N0020E0SN010L2,SD,07,Black Hills Meridian,017,0,N,002,0,E,0,BLM Cadastral - MT,17N 2E,SN,Section,01,0,01,L,Government Lot,2,L 2,NE,NWNE,L2,39.94 Acres,39.94,39.87167394,1318550400000,{7466A5EE-FA5B-4623-AEE2-D9127107641D},675501,327192.68044978,2288.0375884237474,
Harding,7,1,017N,02E,"Lots 1,2,3,4, S2N2, S2",SENW,628.62,"DOC, JUVENILE PROGRAMS",SD070170N0020E0,SD070170N0020E0SN010,SD070170N0020E0SN010ASENW,SD,07,Black Hills Meridian,017,0,N,002,0,E,0,BLM Cadastral - MT,17N 2E,SN,Section,01,0,01,A,Aliquot Part,SENW,SENW,NW,SENW,,40 Acres,40.0,39.90051813,1318550400000,{8A6EE779-6205-4CF7-A11E-246C21BDD70C},675526,327385.11638968,2288.7201997355746,
Harding,7,1,017N,02E,"Lots 1,2,3,4, S2N2, S2",NESW,628.62,"DOC, JUVENILE PROGRAMS",SD070170N0020E0,SD070170N0020E0SN010,SD070170N0020E0SN010ANESW,SD,07,Black Hills Meridian,017,0,N,002,0,E,0,BLM Cadastral - MT,17N 2E,SN,Section,01,0,01,A,Aliquot Part,NESW,NESW,SW,NESW,,40 Acres,40.0,39.87854154,1318550400000,{85235FA9-F280-47F4-A193-5AFAEB9ADB96},675550,327162.96282647,2287.942045223392,
Harding,7,1,017N,02E,"Lots 1,2,3,4, S2N2, S2",SESW,628.62,"DOC, JUVENILE PROGRAMS",SD070170N0020E0,SD070170N0020E0SN010,SD070170N0020E0SN010ASESW,SD,07,Black Hills Meridian,017,0,N,002,0,E,0,BLM Cadastral - MT,17N 2E,SN,Section,01,0,01,A,Aliquot Part,SESW,SESW,SW,SESW,,40 Acres,40.0,39.88926232,1318550400000,{12FF094E-AD36-488E-8305-F20404286BD7},675573,327209.07029787,2288.1022467173143,
Harding,7,1,017N,02E,"Lots 1,2,3,4, S2N2, S2",L4,628.62,"DOC, JUVENILE PROGRAMS",SD070170N0020E0,SD070170N0020E0SN010,SD070170N0020E0SN010L4,SD,07,Black Hills Meridian,017,0,N,002,0,E,0,BLM Cadastral - MT,17N 2E,SN,Section,01,0,01,L,Government Lot,4,L 4,NW,NWNW,L4,39.86 Acres,39.86,39.79063021,1318550400000,{240217B9-AEF6-48A9-AD3F-67960D897EC6},675503,326522.804114385,2285.6924977510694,
Harding,7,1,017N,02E,"Lots 1,2,3,4, S2N2, S2",SENE,628.62,"DOC, JUVENILE PROGRAMS",SD070170N0020E0,SD070170N0020E0SN010,SD070170N0020E0SN010ASENE,SD,07,Black Hills Meridian,017,0,N,002,0,E,0,BLM Cadastral - MT,17N 2E,SN,Section,01,0,01,A,Aliquot Part,SENE,SENE,NE,SENE,,40 Acres,40.0,39.91731297,1318550400000,{21342120-CEC0-4975-8493-554E371409C9},675528,327527.84595436,2289.215235471684,
Harding,7,1,017N,02E,"Lots 1,2,3,4, S2N2, S2",NESE,628.62,"DOC, JUVENILE PROGRAMS",SD070170N0020E0,SD070170N0020E0SN010,SD070170N0020E0SN010ANESE,SD,07,Black Hills Meridian,017,0,N,002,0,E,0,BLM Cadastral - MT,17N 2E,SN,Section,01,0,01,A,Aliquot Part,NESE,NESE,SE,NESE,,40 Acres,40.0,39.88950673,1318550400000,{F67C0237-C9A6-43F4-8519-57D67491B09D},675552,327257.760207105,2288.2705681256584,
Harding,7,1,017N,02E,"Lots 1,2,3,4, S2N2, S2",SESE,628.62,"DOC, JUVENILE PROGRAMS",SD070170N0020E0,SD070170N0020E0SN010,SD070170N0020E0SN010ASESE,SD,07,Black Hills Meridian,017,0,N,002,0,E,0,BLM Cadastral - MT,17N 2E,SN,Section,01,0,01,A,Aliquot Part,SESE,SESE,SE,SESE,,40 Acres,40.0,39.8864328,1318550400000,{D99B2E75-D320-4A9E-A2AC-2031088CE15D},675576,327190.70576688,2288.036348726684,
Harding,7,2,017N,02E,"Lots 1,2,3,4, S2N2, S2",L1,639.7,"DOC, JUVENILE PROGRAMS",SD070170N0020E0,SD070170N0020E0SN020,SD070170N0020E0SN020L1,SD,07,Black Hills Meridian,017,0,N,002,0,E,0,BLM Cadastral - MT,17N 2E,SN,Section,02,0,02,L,Government Lot,1,L 1,NE,NENE,L1,39.87 Acres,39.87,39.85828083,1318550400000,{DEBC2892-E16E-4412-961D-C4FF13A69DDC},675504,327075.479398715,2287.622662747016,
Harding,7,2,017N,02E,"Lots 1,2,3,4, S2N2, S2",SENE,639.7,"DOC, JUVENILE PROGRAMS",SD070170N0020E0,SD070170N0020E0SN020,SD070170N0020E0SN020ASENE,SD,07,Black Hills Meridian,017,0,N,002,0,E,0,BLM Cadastral - MT,17N 2E,SN,Section,02,0,02,A,Aliquot Part,SENE,SENE,NE,SENE,,40 Acres,40.0,39.99633973,1318550400000,{36ABCE51-DACA-4EBA-A35C-8F6922E5A0C2},675524,328166.43663637,2291.43967973341,
Harding,7,2,017N,02E,"Lots 1,2,3,4, S2N2, S2",NESE,639.7,"DOC, JUVENILE PROGRAMS",SD070170N0020E0,SD070170N0020E0SN020,SD070170N0020E0SN020ANESE,SD,07,Black Hills Meridian,017,0,N,002,0,E,0,BLM Cadastral - MT,17N 2E,SN,Section,02,0,02,A,Aliquot Part,NESE,NESE,SE,NESE,,40 Acres,40.0,39.97488876,1318550400000,{5A1E35B5-8CE9-473F-AA37-6426EEB30B99},675548,327948.4638363,2290.6786426302506,
Harding,7,2,017N,02E,"Lots 1,2,3,4, S2N2, S2",SESE,639.7,"DOC, JUVENILE PROGRAMS",SD070170N0020E0,SD070170N0020E0SN020,SD070170N0020E0SN020ASESE,SD,07,Black Hills Meridian,017,0,N,002,0,E,0,BLM Cadastral - MT,17N 2E,SN,Section,02,0,02,A,Aliquot Part,SESE,SESE,SE,SESE,,40 Acres,40.0,39.95045749,1318550400000,{299900CD-5F12-4AFA-9239-612B4927BB87},675574,327706.1167913,2289.833781096691,
Harding,7,2,017N,02E,"Lots 1,2,3,4, S2N2, S2",L4,639.7,"DOC, JUVENILE PROGRAMS",SD070170N0020E0,SD070170N0020E0SN020,SD070170N0020E0SN020L4,SD,07,Black Hills Meridian,017,0,N,002,0,E,0,BLM Cadastral - MT,17N 2E,SN,Section,02,0,02,L,Government Lot,4,L 4,NW,NWNW,L4,40.08 Acres,40.08,40.0398413,1318550400000,{8C22AEF4-5847-4A5C-BDB5-294EA9A024B4},675507,328557.74364972,2292.8155723342857,
Harding,7,2,017N,02E,"Lots 1,2,3,4, S2N2, S2",SWNW,639.7,"DOC, JUVENILE PROGRAMS",SD070170N0020E0,SD070170N0020E0SN020,SD070170N0020E0SN020ASWNW,SD,07,Black Hills Meridian,017,0,N,002,0,E,0,BLM Cadastral - MT,17N 2E,SN,Section,02,0,02,A,Aliquot Part,SWNW,SWNW,NW,SWNW,,40 Acres,40.0,39.93688727,1318550400000,{0F053A79-A13A-4756-A184-B6934ABD92D5},675532,327670.997445775,2289.7120358714906,
Harding,7,2,017N,02E,"Lots 1,2,3,4, S2N2, S2",NWSW,639.7,"DOC, JUVENILE PROGRAMS",SD070170N0020E0,SD070170N0020E0SN020,SD070170N0020E0SN020ANWSW,SD,07,Black Hills Meridian,017,0,N,002,0,E,0,BLM Cadastral - MT,17N 2E,SN,Section,02,0,02,A,Aliquot Part,NWSW,NWSW,SW,NWSW,,40 Acres,40.0,39.90237499,1318550400000,{836DB1C2-27B4-431D-A161-4D95B0D31535},675555,327345.9516687,2288.574250896309,
Harding,7,2,017N,02E,"Lots 1,2,3,4, S2N2, S2",SWSW,639.7,"DOC, JUVENILE PROGRAMS",SD070170N0020E0,SD070170N0020E0SN020,SD070170N0020E0SN020ASWSW,SD,07,Black Hills Meridian,017,0,N,002,0,E,0,BLM Cadastral - MT,17N 2E,SN,Section,02,0,02,A,Aliquot Part,SWSW,SWSW,SW,SWSW,,40 Acres,40.0,39.90930156,1318550400000,{B8C43B14-5B68-4017-8497-A9F3A509C260},675579,327360.903538055,2288.626030462123,
Harding,7,2,017N,02E,"Lots 1,2,3,4, S2N2, S2",L3,639.7,"DOC, JUVENILE PROGRAMS",SD070170N0020E0,SD070170N0020E0SN020,SD070170N0020E0SN020L3,SD,07,Black Hills Meridian,017,0,N,002,0,E,0,BLM Cadastral - MT,17N 2E,SN,Section,02,0,02,L,Government Lot,3,L 3,NW,NENW,L3,40.01 Acres,40.01,39.97315235,1318550400000,{9FA0B488-FB27-47E5-B2EE-9CC2E3C949DD},675506,328013.02307939,2290.907217735704,
Harding,7,2,017N,02E,"Lots 1,2,3,4, S2N2, S2",SENW,639.7,"DOC, JUVENILE PROGRAMS",SD070170N0020E0,SD070170N0020E0SN020,SD070170N0020E0SN020ASENW,SD,07,Black Hills Meridian,017,0,N,002,0,E,0,BLM Cadastral - MT,17N 2E,SN,Section,02,0,02,A,Aliquot Part,SENW,SENW,NW,SENW,,40 Acres,40.0,39.93962297,1318550400000,{75A68DFF-3BA7-4B10-B995-3A13607450C2},675530,327695.95348636,2289.7993922028104,
Harding,7,2,017N,02E,"Lots 1,2,3,4, S2N2, S2",NESW,639.7,"DOC, JUVENILE PROGRAMS",SD070170N0020E0,SD070170N0020E0SN020,SD070170N0020E0SN020ANESW,SD,07,Black Hills Meridian,017,0,N,002,0,E,0,BLM Cadastral - MT,17N 2E,SN,Section,02,0,02,A,Aliquot Part,NESW,NESW,SW,NESW,,40 Acres,40.0,39.91194252,1318550400000,{2D89C167-FB04-467E-8F2A-9468D612A25C},675554,327426.976733625,2288.8582045780277,
Harding,7,2,017N,02E,"Lots 1,2,3,4, S2N2, S2",SESW,639.7,"DOC, JUVENILE PROGRAMS",SD070170N0020E0,SD070170N0020E0SN020,SD070170N0020E0SN020ASESW,SD,07,Black Hills Meridian,017,0,N,002,0,E,0,BLM Cadastral - MT,17N 2E,SN,Section,02,0,02,A,Aliquot Part,SESW,SESW,SW,SESW,,40 Acres,40.0,39.91900518,1318550400000,{60D4209A-E79C-4CA6-868F-37BA53B4A4CD},675578,327443.06652148,2288.9139874083767,
Harding,7,2,017N,02E,"Lots 1,2,3,4, S2N2, S2",L2,639.7,"DOC, JUVENILE PROGRAMS",SD070170N0020E0,SD070170N0020E0SN020,SD070170N0020E0SN020L2,SD,07,Black Hills Meridian,017,0,N,002,0,E,0,BLM Cadastral - MT,17N 2E,SN,Section,02,0,02,L,Government Lot,2,L 2,NE,NWNE,L2,39.94 Acres,39.94,39.92277182,1318550400000,{0A1B3A1C-D288-4191-B223-E00C0FD27739},675505,327602.09211035,2289.466059468554,
Harding,7,2,017N,02E,"Lots 1,2,3,4, S2N2, S2",SWNE,639.7,"DOC, JUVENILE PROGRAMS",SD070170N0020E0,SD070170N0020E0SN020,SD070170N0020E0SN020ASWNE,SD,07,Black Hills Meridian,017,0,N,002,0,E,0,BLM Cadastral - MT,17N 2E,SN,Section,02,0,02,A,Aliquot Part,SWNE,SWNE,NE,SWNE,,40 Acres,40.0,39.99074665,1318550400000,{CB9A103A-1486-4D2A-89CD-2F9AFD444BE6},675529,328117.966698065,2291.2700627996614,
Harding,7,2,017N,02E,"Lots 1,2,3,4, S2N2, S2",NWSE,639.7,"DOC, JUVENILE PROGRAMS",SD070170N0020E0,SD070170N0020E0SN020,SD070170N0020E0SN020ANWSE,SD,07,Black Hills Meridian,017,0,N,002,0,E,0,BLM Cadastral - MT,17N 2E,SN,Section,02,0,02,A,Aliquot Part,NWSE,NWSE,SE,NWSE,,40 Acres,40.0,39.96743195,1318550400000,{F34D8222-142B-4E04-9C2F-C5F4A25140B2},675553,327884.754882735,2290.455072581069,
Harding,7,2,017N,02E,"Lots 1,2,3,4, S2N2, S2",SWSE,639.7,"DOC, JUVENILE PROGRAMS",SD070170N0020E0,SD070170N0020E0SN020,SD070170N0020E0SN020ASWSE,SD,07,Black Hills Meridian,017,0,N,002,0,E,0,BLM Cadastral - MT,17N 2E,SN,Section,02,0,02,A,Aliquot Part,SWSE,SWSE,SE,SWSE,,40 Acres,40.0,39.94336044,1318550400000,{CB25E802-3FDD-4053-83FB-7614EC4925CC},675577,327645.339073245,2289.620414867413,
Harding,7,4,017N,02E,"Lots 1,2,3,4, S2N2, S2",L3,640.12,"DOC, JUVENILE PROGRAMS",SD070170N0020E0,SD070170N0020E0SN040,SD070170N0020E0SN040L3,SD,07,Black Hills Meridian,017,0,N,002,0,E,0,BLM Cadastral - MT,17N 2E,SN,Section,04,0,04,L,Government Lot,3,L 3,NW,NENW,L3,40.01 Acres,40.01,40.06784548,1318550400000,{9779F377-DEDC-4ECF-990C-5C5839B85C72},675517,328770.137329335,2293.552407727339,
Harding,7,4,017N,02E,"Lots 1,2,3,4, S2N2, S2",SWNE,640.12,"DOC, JUVENILE PROGRAMS",SD070170N0020E0,SD070170N0020E0SN040,SD070170N0020E0SN040ASWNE,SD,07,Black Hills Meridian,017,0,N,002,0,E,0,BLM Cadastral - MT,17N 2E,SN,Section,04,0,04,A,Aliquot Part,SWNE,SWNE,NE,SWNE,,40 Acres,40.0,40.07750904,1318550400000,{94DB15D9-CA95-4A0C-A0F0-37FA207A4F13},675540,328809.84542433,2293.6869961275747,
Harding,7,4,017N,02E,"Lots 1,2,3,4, S2N2, S2",NESW,640.12,"DOC, JUVENILE PROGRAMS",SD070170N0020E0,SD070170N0020E0SN040,SD070170N0020E0SN040ANESW,SD,07,Black Hills Meridian,017,0,N,002,0,E,0,BLM Cadastral - MT,17N 2E,SN,Section,04,0,04,A,Aliquot Part,NESW,NESW,SW,NESW,,40 Acres,40.0,40.06333947,1318550400000,{4795667D-7AD4-4C2E-B833-2345F26A5976},675564,328648.93957152,2293.1279318698807,
Harding,7,4,017N,02E,"Lots 1,2,3,4, S2N2, S2",SESW,640.12,"DOC, JUVENILE PROGRAMS",SD070170N0020E0,SD070170N0020E0SN040,SD070170N0020E0SN040ASESW,SD,07,Black Hills Meridian,017,0,N,002,0,E,0,BLM Cadastral - MT,17N 2E,SN,Section,04,0,04,A,Aliquot Part,SESW,SESW,SW,SESW,,40 Acres,40.0,40.08147435,1318550400000,{7B04369F-D8AB-4275-96DA-104767958C77},675588,328755.6739113,2293.4974398585628,
Harding,7,4,017N,02E,"Lots 1,2,3,4, S2N2, S2",L2,640.12,"DOC, JUVENILE PROGRAMS",SD070170N0020E0,SD070170N0020E0SN040,SD070170N0020E0SN040L2,SD,07,Black Hills Meridian,017,0,N,002,0,E,0,BLM Cadastral - MT,17N 2E,SN,Section,04,0,04,L,Government Lot,2,L 2,NE,NWNE,L2,40.05 Acres,40.05,40.10272329,1318550400000,{671EDB27-9ECB-403A-ABB1-494865814DF2},675515,329058.868459975,2294.559615005946,
Harding,7,4,017N,02E,"Lots 1,2,3,4, S2N2, S2",SENW,640.12,"DOC, JUVENILE PROGRAMS",SD070170N0020E0,SD070170N0020E0SN040,SD070170N0020E0SN040ASENW,SD,07,Black Hills Meridian,017,0,N,002,0,E,0,BLM Cadastral - MT,17N 2E,SN,Section,04,0,04,A,Aliquot Part,SENW,SENW,NW,SENW,,40 Acres,40.0,40.04379362,1318550400000,{398CCEF0-4E71-42E1-816F-8A4A74031380},675538,328530.72676772,2292.717196442317,
Harding,7,4,017N,02E,"Lots 1,2,3,4, S2N2, S2",NWSE,640.12,"DOC, JUVENILE PROGRAMS",SD070170N0020E0,SD070170N0020E0SN040,SD070170N0020E0SN040ANWSE,SD,07,Black Hills Meridian,017,0,N,002,0,E,0,BLM Cadastral - MT,17N 2E,SN,Section,04,0,04,A,Aliquot Part,NWSE,NWSE,SE,NWSE,,40 Acres,40.0,40.08065435,1318550400000,{97CD4456-D2C5-4205-A70C-DE123669541B},675562,328793.506406505,2293.6268000954897,
Harding,7,4,017N,02E,"Lots 1,2,3,4, S2N2, S2",SWSE,640.12,"DOC, JUVENILE PROGRAMS",SD070170N0020E0,SD070170N0020E0SN040,SD070170N0020E0SN040ASWSE,SD,07,Black Hills Meridian,017,0,N,002,0,E,0,BLM Cadastral - MT,17N 2E,SN,Section,04,0,04,A,Aliquot Part,SWSE,SWSE,SE,SWSE,,40 Acres,40.0,40.06535841,1318550400000,{D8130A23-3A47-4556-9A97-5041ED431887},675587,328626.0621072,2293.042023401608,
Harding,7,4,017N,02E,"Lots 1,2,3,4, S2N2, S2",L4,640.12,"DOC, JUVENILE PROGRAMS",SD070170N0020E0,SD070170N0020E0SN040,SD070170N0020E0SN040L4,SD,07,Black Hills Meridian,017,0,N,002,0,E,0,BLM Cadastral - MT,17N 2E,SN,Section,04,0,04,L,Government Lot,4,L 4,NW,NWNW,L4,39.97 Acres,39.97,40.05106337,1318550400000,{B3C5D3AB-9589-4B62-918F-1F4A351BC1FA},675519,328629.967910845,2293.0634141730143,
Harding,7,4,017N,02E,"Lots 1,2,3,4, S2N2, S2",SENE,640.12,"DOC, JUVENILE PROGRAMS",SD070170N0020E0,SD070170N0020E0SN040,SD070170N0020E0SN040ASENE,SD,07,Black Hills Meridian,017,0,N,002,0,E,0,BLM Cadastral - MT,17N 2E,SN,Section,04,0,04,A,Aliquot Part,SENE,SENE,NE,SENE,,40 Acres,40.0,40.06181321,1318550400000,{5B5A9371-9FBB-498B-BC7D-B445E549AFB3},675541,328683.552559915,2293.2477621959783,
Harding,7,4,017N,02E,"Lots 1,2,3,4, S2N2, S2",NWSW,640.12,"DOC, JUVENILE PROGRAMS",SD070170N0020E0,SD070170N0020E0SN040,SD070170N0020E0SN040ANWSW,SD,07,Black Hills Meridian,017,0,N,002,0,E,0,BLM Cadastral - MT,17N 2E,SN,Section,04,0,04,A,Aliquot Part,NWSW,NWSW,SW,NWSW,,40 Acres,40.0,40.09498686,1318550400000,{AE35768D-5A5B-4D74-8823-57AFCF4E8A49},675565,328906.08552793,2294.0266500979405,
Harding,7,4,017N,02E,"Lots 1,2,3,4, S2N2, S2",SWSW,640.12,"DOC, JUVENILE PROGRAMS",SD070170N0020E0,SD070170N0020E0SN040,SD070170N0020E0SN040ASWSW,SD,07,Black Hills Meridian,017,0,N,002,0,E,0,BLM Cadastral - MT,17N 2E,SN,Section,04,0,04,A,Aliquot Part,SWSW,SWSW,SW,SWSW,,40 Acres,40.0,40.11338659,1318550400000,{DAD64D12-B8A9-42ED-B189-305B592DC6A5},675590,329014.85844603,2294.4033449205253,
Harding,7,4,017N,02E,"Lots 1,2,3,4, S2N2, S2",L1,640.12,"DOC, JUVENILE PROGRAMS",SD070170N0020E0,SD070170N0020E0SN040,SD070170N0020E0SN040L1,SD,07,Black Hills Meridian,017,0,N,002,0,E,0,BLM Cadastral - MT,17N 2E,SN,Section,04,0,04,L,Government Lot,1,L 1,NE,NENE,L1,40.09 Acres,40.09,40.12210662,1318550400000,{75733983-E613-4192-A49F-7D89114FCE1E},675514,329220.33982584,2295.126007509605,
Harding,7,4,017N,02E,"Lots 1,2,3,4, S2N2, S2",SWNW,640.12,"DOC, JUVENILE PROGRAMS",SD070170N0020E0,SD070170N0020E0SN040,SD070170N0020E0SN040ASWNW,SD,07,Black Hills Meridian,017,0,N,002,0,E,0,BLM Cadastral - MT,17N 2E,SN,Section,04,0,04,A,Aliquot Part,SWNW,SWNW,NW,SWNW,,40 Acres,40.0,40.06219681,1318550400000,{CBE38B4D-E942-4E79-9209-A83DF640D280},675537,328679.19757338,2293.2377137041008,
Harding,7,4,017N,02E,"Lots 1,2,3,4, S2N2, S2",NESE,640.12,"DOC, JUVENILE PROGRAMS",SD070170N0020E0,SD070170N0020E0SN040,SD070170N0020E0SN040ANESE,SD,07,Black Hills Meridian,017,0,N,002,0,E,0,BLM Cadastral - MT,17N 2E,SN,Section,04,0,04,A,Aliquot Part,NESE,NESE,SE,NESE,,40 Acres,40.0,40.04633019,1318550400000,{AC9C5805-FDBA-4513-89ED-8FB13334BB88},675561,328514.45020673,2292.6509130270238,
Harding,7,4,017N,02E,"Lots 1,2,3,4, S2N2, S2",SESE,640.12,"DOC, JUVENILE PROGRAMS",SD070170N0020E0,SD070170N0020E0SN040,SD070170N0020E0SN040ASESE,SD,07,Black Hills Meridian,017,0,N,002,0,E,0,BLM Cadastral - MT,17N 2E,SN,Section,04,0,04,A,Aliquot Part,SESE,SESE,SE,SESE,,40 Acres,40.0,40.03115361,1318550400000,{BA89E583-17A9-4E5F-AB88-92ACB3D437A6},675585,328347.98016293,2292.0694613161,
Harding,7,3,017N,02E,"Lots 1,2,3,4, S2N2, S2",L4,640.44,"DOC, JUVENILE PROGRAMS",SD070170N0020E0,SD070170N0020E0SN030,SD070170N0020E0SN030L4,SD,07,Black Hills Meridian,017,0,N,002,0,E,0,BLM Cadastral - MT,17N 2E,SN,Section,03,0,03,L,Government Lot,4,L 4,NW,NWNW,L4,40.1 Acres,40.1,40.13178063,1318550400000,{04F54DDD-CDE4-4647-97B9-DA322BB59C94},675512,329302.18268712,2295.411774099004,
Harding,7,3,017N,02E,"Lots 1,2,3,4, S2N2, S2",SWNW,640.44,"DOC, JUVENILE PROGRAMS",SD070170N0020E0,SD070170N0020E0SN030,SD070170N0020E0SN030ASWNW,SD,07,Black Hills Meridian,017,0,N,002,0,E,0,BLM Cadastral - MT,17N 2E,SN,Section,03,0,03,A,Aliquot Part,SWNW,SWNW,NW,SWNW,,40 Acres,40.0,40.01095861,1318550400000,{D56BCB18-4458-49F9-9977-79044A3ED646},675539,328268.80304037,2291.8012632371256,
Harding,7,3,017N,02E,"Lots 1,2,3,4, S2N2, S2",NWSW,640.44,"DOC, JUVENILE PROGRAMS",SD070170N0020E0,SD070170N0020E0SN030,SD070170N0020E0SN030ANWSW,SD,07,Black Hills Meridian,017,0,N,002,0,E,0,BLM Cadastral - MT,17N 2E,SN,Section,03,0,03,A,Aliquot Part,NWSW,NWSW,SW,NWSW,,40 Acres,40.0,39.9841997,1318550400000,{268CDCCD-2239-4078-B2B7-F720BF216B64},675560,328007.26552934,2290.8822863476066,
Harding,7,3,017N,02E,"Lots 1,2,3,4, S2N2, S2",SWSW,640.44,"DOC, JUVENILE PROGRAMS",SD070170N0020E0,SD070170N0020E0SN030,SD070170N0020E0SN030ASWSW,SD,07,Black Hills Meridian,017,0,N,002,0,E,0,BLM Cadastral - MT,17N 2E,SN,Section,03,0,03,A,Aliquot Part,SWSW,SWSW,SW,SWSW,,40 Acres,40.0,40.00301518,1318550400000,{C78665F3-42CF-4159-B5BF-0247E0826E7E},675584,328119.69938856,2291.274099197786,
Harding,7,3,017N,02E,"Lots 1,2,3,4, S2N2, S2",L2,640.44,"DOC, JUVENILE PROGRAMS",SD070170N0020E0,SD070170N0020E0SN030,SD070170N0020E0SN030L2,SD,07,Black Hills Meridian,017,0,N,002,0,E,0,BLM Cadastral - MT,17N 2E,SN,Section,03,0,03,L,Government Lot,2,L 2,NE,NWNE,L2,40.11 Acres,40.11,40.15369011,1318550400000,{6515F8E2-ACFA-41EA-A0D0-9A04008941F3},675510,329486.99416924,2296.052748934676,
Harding,7,3,017N,02E,"Lots 1,2,3,4, S2N2, S2",SWNE,640.44,"DOC, JUVENILE PROGRAMS",SD070170N0020E0,SD070170N0020E0SN030,SD070170N0020E0SN030ASWNE,SD,07,Black Hills Meridian,017,0,N,002,0,E,0,BLM Cadastral - MT,17N 2E,SN,Section,03,0,03,A,Aliquot Part,SWNE,SWNE,NE,SWNE,,40 Acres,40.0,40.05409394,1318550400000,{C2CB432B-40C8-4022-B6C4-29BC4A367C05},675534,328627.625669105,2293.048913243187,
Harding,7,3,017N,02E,"Lots 1,2,3,4, S2N2, S2",NWSE,640.44,"DOC, JUVENILE PROGRAMS",SD070170N0020E0,SD070170N0020E0SN030,SD070170N0020E0SN030ANWSE,SD,07,Black Hills Meridian,017,0,N,002,0,E,0,BLM Cadastral - MT,17N 2E,SN,Section,03,0,03,A,Aliquot Part,NWSE,NWSE,SE,NWSE,,40 Acres,40.0,40.02754214,1318550400000,{F5583398-00C7-4CEB-9AA3-A27372FABCDD},675558,328367.83572773,2292.1403986123796,
Harding,7,3,017N,02E,"Lots 1,2,3,4, S2N2, S2",SWSE,640.44,"DOC, JUVENILE PROGRAMS",SD070170N0020E0,SD070170N0020E0SN030,SD070170N0020E0SN030ASWSE,SD,07,Black Hills Meridian,017,0,N,002,0,E,0,BLM Cadastral - MT,17N 2E,SN,Section,03,0,03,A,Aliquot Part,SWSE,SWSE,SE,SWSE,,40 Acres,40.0,40.01556645,1318550400000,{2F020F70-F1FA-41E1-AD0C-477353E507AE},675582,328227.58188084,2291.6511244741596,
Harding,7,3,017N,02E,"Lots 1,2,3,4, S2N2, S2",L1,640.44,"DOC, JUVENILE PROGRAMS",SD070170N0020E0,SD070170N0020E0SN030,SD070170N0020E0SN030L1,SD,07,Black Hills Meridian,017,0,N,002,0,E,0,BLM Cadastral - MT,17N 2E,SN,Section,03,0,03,L,Government Lot,1,L 1,NE,NENE,L1,40.12 Acres,40.12,40.15845023,1318550400000,{C2313EC2-CB8A-4E4D-8063-7DDD7654BA82},675508,329528.50555632,2296.198734253064,
Harding,7,3,017N,02E,"Lots 1,2,3,4, S2N2, S2",SENE,640.44,"DOC, JUVENILE PROGRAMS",SD070170N0020E0,SD070170N0020E0SN030,SD070170N0020E0SN030ASENE,SD,07,Black Hills Meridian,017,0,N,002,0,E,0,BLM Cadastral - MT,17N 2E,SN,Section,03,0,03,A,Aliquot Part,SENE,SENE,NE,SENE,,40 Acres,40.0,40.05414245,1318550400000,{100A087C-BDD7-472B-A682-00F7B3D6C22A},675533,328630.487091755,2293.059983582595,
Harding,7,3,017N,02E,"Lots 1,2,3,4, S2N2, S2",NESE,640.44,"DOC, JUVENILE PROGRAMS",SD070170N0020E0,SD070170N0020E0SN030,SD070170N0020E0SN030ANESE,SD,07,Black Hills Meridian,017,0,N,002,0,E,0,BLM Cadastral - MT,17N 2E,SN,Section,03,0,03,A,Aliquot Part,NESE,NESE,SE,NESE,,40 Acres,40.0,40.02414733,1318550400000,{A6B66058-E912-481D-B9E6-B03C2CA4E4E2},675557,328342.39793622,2292.0506875488013,
Harding,7,3,017N,02E,"Lots 1,2,3,4, S2N2, S2",SESE,640.44,"DOC, JUVENILE PROGRAMS",SD070170N0020E0,SD070170N0020E0SN030,SD070170N0020E0SN030ASESE,SD,07,Black Hills Meridian,017,0,N,002,0,E,0,BLM Cadastral - MT,17N 2E,SN,Section,03,0,03,A,Aliquot Part,SESE,SESE,SE,SESE,,40 Acres,40.0,40.01212105,1318550400000,{83A24F49-A5B2-4135-8549-887C1F9C1645},675581,328201.802555525,2291.560110288906,
Harding,7,3,017N,02E,"Lots 1,2,3,4, S2N2, S2",L3,640.44,"DOC, JUVENILE PROGRAMS",SD070170N0020E0,SD070170N0020E0SN030,SD070170N0020E0SN030L3,SD,07,Black Hills Meridian,017,0,N,002,0,E,0,BLM Cadastral - MT,17N 2E,SN,Section,03,0,03,L,Government Lot,3,L 3,NW,NENW,L3,40.11 Acres,40.11,40.13459793,1318550400000,{5D56C25D-E796-4C22-A852-A0BBF2DF9911},675511,329327.798755125,2295.499476169525,
Harding,7,3,017N,02E,"Lots 1,2,3,4, S2N2, S2",SENW,640.44,"DOC, JUVENILE PROGRAMS",SD070170N0020E0,SD070170N0020E0SN030,SD070170N0020E0SN030ASENW,SD,07,Black Hills Meridian,017,0,N,002,0,E,0,BLM Cadastral - MT,17N 2E,SN,Section,03,0,03,A,Aliquot Part,SENW,SENW,NW,SENW,,40 Acres,40.0,40.00859498,1318550400000,{52F16C97-502B-41EC-8C0E-4921E945DD2A},675535,328251.84813302,2291.7402647749773,
Harding,7,3,017N,02E,"Lots 1,2,3,4, S2N2, S2",NESW,640.44,"DOC, JUVENILE PROGRAMS",SD070170N0020E0,SD070170N0020E0SN030,SD070170N0020E0SN030ANESW,SD,07,Black Hills Meridian,017,0,N,002,0,E,0,BLM Cadastral - MT,17N 2E,SN,Section,03,0,03,A,Aliquot Part,NESW,NESW,SW,NESW,,40 Acres,40.0,39.98313326,1318550400000,{A3318056-CF1E-4FAE-BA59-E5B64C79231E},675559,328001.0439417,2290.8616890361122,
Harding,7,3,017N,02E,"Lots 1,2,3,4, S2N2, S2",SESW,640.44,"DOC, JUVENILE PROGRAMS",SD070170N0020E0,SD070170N0020E0SN030,SD070170N0020E0SN030ASESW,SD,07,Black Hills Meridian,017,0,N,002,0,E,0,BLM Cadastral - MT,17N 2E,SN,Section,03,0,03,A,Aliquot Part,SESW,SESW,SW,SESW,,40 Acres,40.0,40.00224706,1318550400000,{132B79C1-FF2A-4566-8571-47240622404F},675583,328115.88229957,2291.261816585803,
